1,6,5,5,0,5,0,0,0,56,2,52,0,5210,5210,5210,6
1,6,4,5,0,4,0,0,0,49,2,47,0,4440,4440,9650,6
1,6,3,5,0,3,0,0,0,46,2,44,0,16250,16250,25900,4
1,4,2,5,0,2,0,0,0,42,2,40,0,8620,8620,34520,3
1,3,1,5,0,1,0,0,0,40,2,38,0,3780,3780,38300,3
1,6,5,5,0,5,0,0,0,53,2,51,0,-26980,-26980,11320,5
1,5,4,5,0,4,0,0,0,50,2,48,0,5130,5130,16450,5
1,5,3,5,0,3,0,0,0,46,2,44,0,9380,9380,25830,4
1,4,2,5,0,2,0,0,0,43,2,41,0,10750,10750,36580,3
1,3,1,5,0,1,0,0,0,38,2,36,0,9840,9840,46420,2
1,6,5,5,0,5,0,0,0,53,2,51,0,-38640,-38640,7780,5
1,5,4,5,0,4,0,0,0,52,2,50,0,10240,10240,18020,4
1,4,3,5,0,3,0,0,0,48,2,46,0,3300,3300,21320,4
1,4,2,5,0,2,0,0,0,46,2,44,0,14880,14880,36200,2
1,2,1,5,0,1,0,0,0,43,2,41,0,6180,6180,42380,2
1,6,5,5,0,5,0,0,0,53,2,51,0,-39510,-39510,2870,6
1,6,4,5,0,4,0,0,0,51,2,49,0,11760,11760,14630,5
1,5,3,5,0,3,0,0,0,47,2,45,0,7900,7900,22530,4
1,4,2,5,0,2,0,0,0,45,2,43,0,11380,11380,33910,3
1,3,1,5,0,1,0,0,0,42,2,40,0,8120,8120,42030,2
1,6,5,5,0,5,0,0,0,53,2,51,0,-33860,-33860,8170,5
1,5,4,5,0,4,0,0,0,51,2,49,0,11330,11330,19500,4
1,4,3,5,0,3,0,0,0,48,2,46,0,4100,4100,23600,4
1,4,2,5,0,2,0,0,0,46,2,44,0,9620,9620,33220,3
1,3,1,5,0,1,0,0,0,42,2,40,0,13880,13880,47100,2
1,6,5,5,0,5,0,0,0,53,2,51,0,-38930,-38930,8170,5
1,5,4,5,0,4,0,0,0,51,2,49,0,4030,4030,12200,5
1,4,3,5,0,3,0,0,0,48,2,46,0,8880,8880,21080,4
1,4,2,5,0,2,0,0,0,46,2,44,0,3430,3430,24510,4
1,4,1,5,0,1,0,0,0,44,2,42,0,14220,14220,38730,2
1,6,5,5,0,5,0,0,0,53,2,51,0,-34090,-34090,4640,6
1,6,4,5,0,4,0,0,0,50,2,48,0,9240,9240,13880,5
1,5,3,5,0,3,0,0,0,47,2,45,0,22680,22680,36560,2
1,2,2,5,0,2,0,0,0,42,2,40,0,3570,3570,40130,2
1,2,1,5,0,1,0,0,0,40,2,38,0,11220,11220,51350,1
1,6,5,5,0,5,0,0,0,53,2,51,0,-42710,-42710,8640,5
1,5,4,5,0,4,0,0,0,51,2,49,0,4520,4520,13160,5
1,5,3,5,0,3,0,0,0,48,2,46,0,5120,5120,18280,5
1,5,2,5,0,2,0,0,0,45,2,43,0,10360,10360,28640,4
1,4,1,5,0,1,0,0,0,42,2,40,0,9940,9940,38580,3
1,6,5,5,0,5,0,0,0,53,2,51,0,-33520,-33520,5060,6
1,6,4,5,0,4,0,0,0,50,2,48,0,4440,4440,9500,6
1,6,3,5,0,3,0,0,0,47,2,45,0,8950,8950,18450,5
1,5,2,5,0,2,0,0,0,45,2,43,0,9830,9830,28280,4
1,4,1,5,0,1,0,0,0,41,2,39,0,8310,8310,36590,3
1,6,5,5,0,5,0,0,0,53,2,51,0,-31950,-31950,4640,6
1,6,4,5,0,4,0,0,0,50,2,48,0,2760,2760,7400,6
1,6,3,5,0,4,0,0,0,48,2,46,0,20070,20070,27470,3
1,3,2,5,0,2,0,0,0,44,2,42,0,3370,3370,30840,3
1,3,1,5,0,1,0,0,0,42,2,40,0,3930,3930,34770,3
1,6,5,5,0,5,0,0,0,53,2,51,0,-23550,-23550,11220,5
1,5,4,5,0,4,0,0,0,49,2,47,0,11200,11200,22420,4
1,4,3,5,0,3,0,0,0,46,2,44,0,7870,7870,30290,3
1,3,2,5,0,2,0,0,0,45,2,43,0,3970,3970,34260,3
1,3,1,5,0,1,0,0,0,42,2,40,0,13550,13550,47810,1
1,6,5,5,0,5,0,0,0,53,2,51,0,-44940,-44940,2870,6
1,6,4,5,0,4,0,0,0,51,2,49,0,11840,11840,14710,5
1,5,3,5,0,3,0,0,0,47,2,45,0,5380,5380,20090,5
1,5,2,5,0,2,0,0,0,43,2,41,0,3360,3360,23450,5
1,5,1,5,0,1,0,0,0,41,2,39,0,12570,12570,36020,4
1,6,5,5,0,5,0,0,0,53,2,51,0,-24840,-24840,11180,5
1,5,4,5,0,4,0,0,0,48,2,46,0,10430,10430,21610,4
1,4,3,5,0,3,0,0,0,45,2,43,0,2780,2780,24390,4
1,4,2,5,0,3,0,0,0,43,2,41,0,11600,11600,35990,3
1,3,1,5,0,1,0,0,0,37,2,35,0,8690,8690,44680,2
1,6,5,5,0,5,0,0,0,53,2,51,0,-40040,-40040,4640,6
1,6,4,5,0,4,0,0,0,50,2,48,0,2760,2760,7400,6
1,6,3,5,0,4,0,0,0,48,2,46,0,10770,10770,18170,5
1,5,2,5,0,2,0,0,0,45,2,43,0,12080,12080,30250,4
1,4,1,5,0,1,0,0,0,38,2,36,0,10330,10330,40580,3
1,6,5,5,0,5,0,0,0,53,2,51,0,-24220,-24220,16360,4
1,4,4,5,0,4,0,0,0,49,2,47,0,3270,3270,19630,4
1,4,3,5,0,3,0,0,0,47,2,45,0,4300,4300,23930,4
1,4,2,5,0,2,0,0,0,44,2,42,0,4630,4630,28560,4
1,4,1,5,0,1,0,0,0,40,2,38,0,13110,13110,41670,2
1,6,5,5,0,5,0,0,0,53,2,51,0,-37030,-37030,4640,6
1,6,4,5,0,4,0,0,0,50,2,48,0,3440,3440,8080,6
1,6,3,5,0,3,0,0,0,49,2,47,0,8490,8490,16570,5
1,5,2,5,0,2,0,0,0,47,2,45,0,21200,21200,37770,2
1,2,1,5,0,1,0,0,0,43,2,41,0,5960,5960,43730,2
1,6,5,5,0,5,0,0,0,53,2,51,0,-34860,-34860,8870,5
1,5,4,5,0,4,0,0,0,52,2,50,0,4440,4440,13310,5
1,5,3,5,0,3,0,0,0,49,2,47,0,5270,5270,18580,5
1,5,2,5,0,2,0,0,0,44,2,42,0,6220,6220,24800,5
1,5,1,5,0,1,0,0,0,39,2,37,0,11200,11200,36000,4
1,6,5,5,0,5,0,0,0,53,2,51,0,-27130,-27130,8870,5
1,5,4,5,0,4,0,0,0,52,2,50,0,4440,4440,13310,5
1,5,3,5,0,3,0,0,0,49,2,47,0,5270,5270,18580,5
1,5,2,5,0,2,0,0,0,43,2,41,0,3060,3060,21640,5
1,5,1,5,0,1,0,0,0,41,2,39,0,13160,13160,34800,3
1,6,5,5,0,5,0,0,0,53,2,51,0,-26700,-26700,8100,5
1,5,4,5,0,4,0,0,0,51,2,49,0,8680,8680,16780,4
1,4,3,5,0,3,0,0,0,49,2,47,0,4580,4580,21360,4
1,4,2,5,0,2,0,0,0,46,2,44,0,9970,9970,31330,3
1,3,1,5,0,1,0,0,0,43,2,41,0,7430,7430,38760,3
1,6,5,5,0,5,0,0,0,53,2,51,0,-28010,-28010,10750,5
1,5,4,5,0,4,0,0,0,50,2,48,0,4440,4440,15190,5
1,5,3,5,0,3,0,0,0,47,2,45,0,11510,11510,26700,4
1,4,2,5,0,2,0,0,0,42,2,40,0,8040,8040,34740,3
1,3,1,5,0,1,0,0,0,40,2,38,0,14590,14590,49330,1
1,6,5,5,0,5,0,0,0,53,2,51,0,-41110,-41110,8220,5
1,5,4,5,0,4,0,0,0,51,2,49,0,9110,9110,17330,4
1,4,3,5,0,3,0,0,0,49,2,47,0,9490,9490,26820,3
1,3,2,5,0,2,0,0,0,46,2,44,0,5090,5090,31910,3
1,3,1,5,0,1,0,0,0,41,2,39,0,3460,3460,35370,3
1,6,5,5,0,5,0,0,0,53,2,51,0,-31000,-31000,4370,6
1,5,4,5,0,4,0,0,0,50,2,48,0,14130,14130,18500,4
1,4,3,5,0,3,0,0,0,49,2,47,0,4420,4420,22920,4
1,4,2,5,0,2,0,0,0,44,2,42,0,17280,17280,40200,2
1,2,1,5,0,1,0,0,0,39,2,37,0,12770,12770,52970,1
1,6,5,5,0,5,0,0,0,53,2,51,0,-50100,-50100,2870,6
1,6,4,5,0,4,0,0,0,51,2,49,0,10190,10190,13060,5
1,5,3,5,0,3,0,0,0,48,2,46,0,7410,7410,20470,5
1,5,2,5,0,2,0,0,0,43,2,41,0,3720,3720,24190,5
1,5,1,5,0,1,0,0,0,40,1,39,0,18400,18400,42590,3
1,6,5,5,0,5,0,0,0,53,2,51,0,-33440,-33440,9150,5
1,5,4,5,0,4,0,0,0,51,2,49,0,4590,4590,13740,5
1,5,3,5,0,3,0,0,0,50,2,48,0,8800,8800,22540,4
1,4,2,5,0,2,0,0,0,46,2,44,0,5590,5590,28130,4
1,4,1,5,0,1,0,0,0,42,2,40,0,6030,6030,34160,4
1,6,5,5,0,5,0,0,0,53,2,51,0,-28710,-28710,5450,6
1,6,4,5,0,4,0,0,0,49,2,47,0,11510,11510,16960,5
1,5,3,5,0,3,0,0,0,44,2,42,0,4510,4510,21470,5
1,5,2,5,0,2,0,0,0,43,2,41,0,5630,5630,27100,5
1,5,1,5,0,1,0,0,0,37,2,35,0,4470,4470,31570,5
1,6,5,5,0,5,0,0,0,53,2,51,0,-27240,-27240,4330,6
1,6,4,5,0,4,0,0,0,50,2,48,0,15900,15900,20230,4
1,4,3,5,0,3,0,0,0,45,2,43,0,8280,8280,28510,3
1,3,2,5,0,2,0,0,0,43,2,41,0,5470,5470,33980,3
1,3,1,5,0,1,0,0,0,41,2,39,0,5590,5590,39570,3
1,6,5,5,0,5,0,0,0,53,2,51,0,-34930,-34930,4640,6
1,6,4,5,0,4,0,0,0,50,2,48,0,8370,8370,13010,5
1,5,3,5,0,3,0,0,0,49,2,47,0,11600,11600,24610,4
1,4,2,5,0,2,0,0,0,44,2,42,0,9100,9100,33710,3
1,3,1,5,0,1,0,0,0,41,2,39,0,9970,9970,43680,2
1,6,5,5,0,5,0,0,0,53,2,51,0,-39040,-39040,4640,6
1,6,4,5,0,4,0,0,0,50,2,48,0,3210,3210,7850,6
1,6,3,5,0,3,0,0,0,48,2,46,0,5540,5540,13390,6
1,6,2,5,0,2,0,0,0,45,2,43,0,8190,8190,21580,5
1,5,1,5,0,1,0,0,0,43,2,41,0,20210,20210,41790,2
1,6,5,5,0,5,0,0,0,53,2,51,0,-33150,-33150,8640,5
1,5,4,5,0,4,0,0,0,51,2,49,0,5000,5000,13640,5
1,5,3,5,0,3,0,0,0,47,2,45,0,8300,8300,21940,4
1,4,2,5,0,2,0,0,0,45,2,43,0,4890,4890,26830,4
1,4,1,5,0,1,0,0,0,43,2,41,0,4890,4890,31720,4
1,6,5,5,0,5,0,0,0,53,2,51,0,-20500,-20500,11220,5
1,5,4,5,0,4,0,0,0,49,2,47,0,8300,8300,19520,4
1,4,3,5,0,3,0,0,0,47,2,45,0,4070,4070,23590,4
1,4,2,5,0,2,0,0,0,45,2,43,0,3640,3640,27230,4
1,4,1,5,0,1,0,0,0,43,2,41,0,10480,10480,37710,3
1,6,5,5,0,5,0,0,0,53,2,51,0,-27250,-27250,10460,5
1,5,4,5,0,4,0,0,0,50,2,48,0,2820,2820,13280,5
1,5,3,5,0,4,0,0,0,48,2,46,0,19130,19130,32410,3
1,3,2,5,0,2,0,0,0,41,2,39,0,9220,9220,41630,2
1,2,1,5,0,1,0,0,0,37,2,35,0,5300,5300,46930,2
1,6,5,5,0,5,0,0,0,53,2,51,0,-44060,-44060,2870,6
1,6,4,5,0,4,0,0,0,51,2,49,0,11800,11800,14670,5
1,5,3,5,0,3,0,0,0,48,2,46,0,15990,15990,30660,3
1,3,2,5,0,2,0,0,0,44,2,42,0,10730,10730,41390,2
1,2,1,5,0,1,0,0,0,37,2,35,0,3570,3570,44960,2
1,6,5,5,0,5,0,0,0,56,2,52,0,4440,4440,4440,6
1,6,4,5,0,4,0,0,0,50,2,48,0,14310,14310,18750,4
1,4,3,5,0,3,0,0,0,48,2,46,0,19220,19220,37970,2
1,2,2,5,0,2,0,0,0,41,2,39,0,5980,5980,43950,2
1,2,1,5,0,1,0,0,0,37,2,35,0,12010,12010,55960,1
1,6,5,5,0,5,0,0,0,53,2,51,0,-52910,-52910,3050,6
1,6,4,5,0,4,0,0,0,51,2,49,0,7700,7700,10750,5
1,5,3,5,0,3,0,0,0,50,2,48,0,10240,10240,20990,4
1,4,2,5,0,2,0,0,0,46,2,44,0,8440,8440,29430,3
1,3,1,5,0,1,0,0,0,44,2,42,0,4450,4450,33880,3
1,6,5,5,0,5,0,0,0,53,2,51,0,-30830,-30830,3050,6
1,6,4,5,0,4,0,0,0,51,2,49,0,8840,8840,11890,5
1,5,3,5,0,3,0,0,0,49,2,47,0,10940,10940,22830,4
1,4,2,5,0,2,0,0,0,45,2,43,0,11610,11610,34440,3
1,3,1,5,0,1,0,0,0,39,2,37,0,4960,4960,39400,3
1,6,5,5,0,5,0,0,0,53,2,51,0,-30390,-30390,9010,5
1,5,4,5,0,4,0,0,0,52,2,50,0,11140,11140,20150,4
1,4,3,5,0,3,0,0,0,48,2,46,0,4810,4810,24960,4
1,5,2,5,0,2,0,0,0,45,2,43,0,18030,18030,42990,2
1,1,1,5,0,1,0,0,0,38,2,36,0,10860,10860,53850,1
1,6,5,5,0,5,0,0,0,53,2,51,0,-43370,-43370,10480,5
1,5,4,5,0,4,0,0,0,50,2,48,0,11990,11990,22470,4
1,4,3,5,0,3,0,0,0,45,2,43,0,4830,4830,27300,4
1,4,2,5,0,2,0,0,0,42,2,40,0,2830,2830,30130,4
1,4,1,5,0,2,0,0,0,40,2,38,0,13270,13270,43400,3
1,6,5,5,0,5,0,0,0,53,2,51,0,-34760,-34760,8640,5
1,5,4,5,0,4,0,0,0,51,2,49,0,3000,3000,11640,5
1,5,3,5,0,3,0,0,0,49,2,47,0,5440,5440,17080,5
1,5,2,5,0,2,0,0,0,46,2,44,0,2910,2910,19990,5
1,5,1,5,0,1,0,0,0,44,2,42,0,11650,11650,31640,4
1,6,5,5,0,5,0,0,0,53,2,51,0,-23000,-23000,8640,5
1,5,4,5,0,4,0,0,0,51,2,49,0,5560,5560,14200,5
1,5,3,5,0,3,0,0,0,49,2,47,0,14610,14610,28810,3
1,3,2,5,0,2,0,0,0,44,2,42,0,6030,6030,34840,3
1,3,1,5,0,1,0,0,0,41,2,39,0,9190,9190,44030,2
1,6,5,5,0,5,0,0,0,53,2,51,0,-33570,-33570,10460,5
1,5,4,5,0,4,0,0,0,50,2,48,0,7990,7990,18450,4
1,4,3,5,0,3,0,0,0,48,2,46,0,15930,15930,34380,2
1,2,2,5,0,2,0,0,0,44,2,42,0,3600,3600,37980,2
1,2,1,5,0,1,0,0,0,42,2,40,0,5290,5290,43270,2
1,6,5,5,0,5,0,0,0,53,2,51,0,-40400,-40400,2870,6
1,6,4,5,0,4,0,0,0,51,2,49,0,8640,8640,11510,5
1,5,3,5,0,3,0,0,0,49,2,47,0,3210,3210,14720,6
1,6,2,5,0,2,0,0,0,47,2,45,0,8980,8980,23700,4
1,4,1,5,0,1,0,0,0,45,2,43,0,11240,11240,34940,3
1,6,5,5,0,5,0,0,0,53,2,51,0,-24480,-24480,10460,5
1,5,4,5,0,4,0,0,0,50,2,48,0,11750,11750,22210,4
1,4,3,5,0,3,0,0,0,46,2,44,0,8120,8120,30330,4
1,3,2,5,0,2,0,0,0,40,2,38,0,15530,15530,45860,2
1,2,1,5,0,1,0,0,0,35,2,33,0,10660,10660,56520,1
1,6,5,5,0,5,0,0,0,53,2,51,0,-51880,-51880,4640,6
1,6,4,5,0,4,0,0,0,50,2,48,0,10730,10730,15370,5
1,5,3,5,0,3,0,0,0,46,2,44,0,16750,16750,32120,3
1,3,2,5,0,2,0,0,0,41,2,39,0,11230,11230,43350,2
1,2,1,5,0,1,0,0,0,37,2,35,0,9340,9340,52690,1
1,6,5,5,0,5,0,0,0,53,2,51,0,-41920,-41920,10770,5
1,5,4,5,0,4,0,0,0,51,2,49,0,8240,8240,19010,4
1,4,3,5,0,3,0,0,0,49,2,47,0,6120,6120,25130,4
1,4,2,5,0,2,0,0,0,45,2,43,0,10910,10910,36040,3
1,3,1,5,0,1,0,0,0,43,2,41,0,10870,10870,46910,2
1,6,5,5,0,5,0,0,0,53,2,51,0,-38270,-38270,8640,5
1,5,4,5,0,4,0,0,0,51,2,49,0,5650,5650,14290,5
1,5,3,5,0,3,0,0,0,49,2,47,0,8450,8450,22740,4
1,4,2,5,0,2,0,0,0,47,2,45,0,4710,4710,27450,4
1,4,1,5,0,1,0,0,0,44,2,42,0,16100,16100,43550,2
1,6,5,5,0,5,0,0,0,53,2,51,0,-33090,-33090,10460,5
1,5,4,5,0,4,0,0,0,50,2,48,0,5950,5950,16410,5
1,5,3,5,0,3,0,0,0,46,2,44,0,2800,2800,19210,5
1,5,2,5,0,2,0,0,0,43,2,41,0,8830,8830,28040,4
1,4,1,5,0,1,0,0,0,41,2,39,0,11350,11350,39390,3
1,6,5,5,0,5,0,0,0,53,2,51,0,-30870,-30870,8520,5
1,5,4,5,0,4,0,0,0,51,2,49,0,10770,10770,19290,4
1,4,3,5,0,3,0,0,0,49,2,47,0,3330,3330,22620,4
1,4,2,5,0,2,0,0,0,47,2,45,0,5760,5760,28380,4
1,4,1,5,0,1,0,0,0,44,2,42,0,8990,8990,37370,3
1,6,5,5,0,5,0,0,0,53,2,51,0,-28730,-28730,8640,5
1,5,4,5,0,4,0,0,0,51,2,49,0,4390,4390,13030,5
1,5,3,5,0,3,0,0,0,48,2,46,0,3000,3000,16030,5
1,5,2,5,0,2,0,0,0,46,2,44,0,9780,9780,25810,4
1,4,1,5,0,1,0,0,0,42,2,40,0,4020,4020,29830,4
1,6,5,5,0,5,0,0,0,53,2,51,0,-21190,-21190,8640,5
1,5,4,5,0,4,0,0,0,51,2,49,0,8240,8240,16880,4
1,4,3,5,0,3,0,0,0,49,2,47,0,3870,3870,20750,4
1,4,2,5,0,2,0,0,0,47,2,45,0,11190,11190,31940,3
1,3,1,5,0,1,0,0,0,42,2,40,0,5200,5200,37140,3
1,6,5,5,0,5,0,0,0,53,2,51,0,-34190,-34190,2950,6
1,6,4,5,0,4,0,0,0,51,2,49,0,8490,8490,11440,5
1,5,3,5,0,3,0,0,0,49,2,47,0,10620,10620,22060,4
1,4,2,5,0,2,0,0,0,45,2,43,0,7930,7930,29990,3
1,3,1,5,0,1,0,0,0,43,2,41,0,-1,-1,-1,1
1,6,5,5,0,5,0,0,0,53,2,51,0,2871,2871,2870,6
1,6,4,5,0,4,0,0,0,51,2,49,0,9010,9010,11880,5
1,6,3,5,0,3,0,0,0,49,2,47,0,3040,3040,14920,5
1,5,2,5,0,2,0,0,0,47,2,45,0,5130,5130,20050,5
1,5,1,5,0,1,0,0,0,44,2,42,0,3070,3070,23120,5
1,6,5,5,0,5,0,0,0,53,2,51,0,-12880,-12880,10240,5
1,5,4,5,0,4,0,0,0,49,2,47,0,2810,2810,13050,5
1,5,3,5,0,3,0,0,0,47,2,45,0,2910,2910,15960,5
1,5,2,5,0,2,0,0,0,45,2,43,0,9590,9590,25550,4
1,4,1,5,0,1,0,0,0,41,2,39,0,15480,15480,41030,2
1,6,5,5,0,5,0,0,0,53,2,51,0,-33300,-33300,7730,5
1,5,4,5,0,4,0,0,0,52,2,50,0,8610,8610,16340,4
1,4,3,5,0,3,0,0,0,50,2,48,0,4460,4460,20800,4
1,4,2,5,0,2,0,0,0,47,2,45,0,15920,15920,36720,2
1,2,1,5,0,1,0,0,0,43,2,41,0,3550,3550,40270,2
1,6,5,5,0,5,0,0,0,53,2,51,0,-35630,-35630,4640,6
1,6,4,5,0,4,0,0,0,50,2,48,0,10140,10140,14780,5
1,5,3,5,0,3,0,0,0,47,2,45,0,14900,14900,29680,3
1,3,2,5,0,2,0,0,0,44,2,42,0,11400,11400,41080,2
1,2,1,5,0,1,0,0,0,39,2,37,0,7370,7370,48450,1
1,6,5,5,0,5,0,0,0,53,2,51,0,-40170,-40170,8280,5
1,5,4,5,0,4,0,0,0,51,2,49,0,3960,3960,12240,5
1,4,3,5,0,3,0,0,0,48,2,45,1,9840,9840,22080,4
1,4,2,5,0,2,0,0,0,45,2,43,0,10150,10150,32230,3
1,3,1,5,0,1,0,0,0,42,2,40,0,9770,9770,42000,2
1,6,5,5,0,5,0,0,0,53,2,51,0,-39010,-39010,2990,6
1,6,4,5,0,4,0,0,0,51,2,49,0,9930,9930,12920,5
1,5,3,5,0,3,0,0,0,48,2,46,0,3530,3530,16450,5
1,5,2,5,0,2,0,0,0,46,2,44,0,13880,13880,30330,3
1,3,1,5,0,1,0,0,0,44,2,42,0,8390,8390,38720,2
1,6,5,5,0,5,0,0,0,53,2,51,0,-28260,-28260,10460,5
1,5,4,5,0,4,0,0,0,50,2,48,0,3210,3210,13670,5
1,5,3,5,0,3,0,0,0,48,2,46,0,9540,9540,23210,4
1,4,2,5,0,2,0,0,0,45,2,43,0,13670,13670,36880,2
1,2,1,5,0,1,0,0,0,44,2,42,0,10300,10300,47180,1
1,6,5,5,0,5,0,0,0,53,2,51,0,-42540,-42540,4640,6
1,6,4,5,0,4,0,0,0,50,2,48,0,20040,20040,24680,3
1,3,3,5,0,3,0,0,0,46,2,44,0,4570,4570,29250,3
1,3,2,5,0,2,0,0,0,45,2,43,0,9530,9530,38780,2
1,2,1,5,0,1,0,0,0,40,2,38,0,5600,5600,44380,2
1,6,5,5,0,5,0,0,0,53,2,51,0,-34350,-34350,10030,5
1,5,4,5,0,4,0,0,0,50,2,48,0,3200,3200,13230,5
1,5,3,5,0,3,0,0,0,47,2,45,0,9260,9260,22490,4
1,4,2,5,0,2,0,0,0,44,2,42,0,4520,4520,27010,4
1,4,1,5,0,1,0,0,0,41,2,39,0,8060,8060,35070,3
1,6,5,5,0,5,0,0,0,53,2,51,0,-23610,-23610,11460,5
1,5,4,5,0,4,0,0,0,50,2,48,0,10340,10340,21800,4
1,4,3,5,0,3,0,0,0,47,2,45,0,13930,13930,35730,3
1,3,2,5,0,2,0,0,0,40,2,38,0,9330,9330,45060,2
1,2,1,5,0,1,0,0,0,37,2,35,0,10840,10840,55900,1
1,6,5,5,0,5,0,0,0,53,2,51,0,-51260,-51260,4640,6
1,6,4,5,0,4,0,0,0,50,2,48,0,15730,15730,20370,4
1,4,3,5,0,3,0,0,0,47,2,45,0,8190,8190,28560,3
1,3,2,5,0,2,0,0,0,45,2,43,0,5460,5460,34020,3
1,3,1,5,0,1,0,0,0,42,2,40,0,13000,13000,47020,2
1,6,5,5,0,5,0,0,0,53,2,51,0,-43920,-43920,3100,6
1,6,4,5,0,4,0,0,0,51,2,49,0,15920,15920,19020,4
1,4,3,5,0,3,0,0,0,47,2,45,0,9070,9070,28090,3
1,3,2,5,0,2,0,0,0,44,2,42,0,2190,2190,30280,3
1,3,1,5,0,1,0,0,0,43,2,41,0,11130,11130,41410,2
1,6,5,5,0,5,0,0,0,53,2,51,0,-36770,-36770,4640,6
1,6,4,5,0,4,0,0,0,50,2,48,0,2760,2760,7400,6
1,6,3,5,0,4,0,0,0,48,2,46,0,3620,3620,11020,6
1,6,2,5,0,2,0,0,0,46,2,44,0,4540,4540,15560,6
1,6,1,5,0,1,0,0,0,43,2,41,0,17520,17520,33080,4
1,6,5,5,0,5,0,0,0,53,2,51,0,-24820,-24820,8260,5
1,5,4,5,0,4,0,0,0,51,2,49,0,5060,5060,13320,5
1,5,3,5,0,3,0,0,0,48,2,46,0,9910,9910,23230,5
1,4,2,5,0,2,0,0,0,45,2,43,0,14240,14240,37470,2
1,2,1,5,0,1,0,0,0,42,2,40,0,3560,3560,41030,2
1,6,5,5,0,5,0,0,0,53,2,51,0,-32770,-32770,8260,5
1,5,4,5,0,4,0,0,0,51,2,49,0,7760,7760,16020,4
1,4,3,5,0,3,0,0,0,50,2,48,0,4200,4200,20220,4
1,4,2,5,0,2,0,0,0,48,2,46,0,10450,10450,30670,3
1,3,1,5,0,1,0,0,0,45,2,43,0,9420,9420,40090,2
1,6,5,5,0,5,0,0,0,53,2,51,0,-31830,-31830,8260,5
1,5,4,5,0,4,0,0,0,51,2,49,0,9230,9230,17490,4
1,4,3,5,0,3,0,0,0,50,2,48,0,4770,4770,22260,4
1,4,2,5,0,2,0,0,0,45,2,43,0,16980,16980,39240,2
1,2,1,5,0,1,0,0,0,40,2,38,0,3650,3650,42890,2
1,6,5,5,0,5,0,0,0,53,2,51,0,-38250,-38250,4640,6
1,6,4,5,0,4,0,0,0,50,2,48,0,16510,16510,21150,4
1,4,3,5,0,3,0,0,0,45,2,43,0,9230,9230,30380,3
1,3,2,5,0,2,0,0,0,42,2,40,0,11340,11340,41720,2
1,2,1,5,0,1,0,0,0,38,2,36,0,10260,10260,51980,1
1,6,5,5,0,5,0,0,0,53,2,51,0,-43400,-43400,8580,5
1,5,4,5,0,4,0,0,0,51,2,49,0,9940,9940,18520,4
1,4,3,5,0,3,0,0,0,48,2,46,0,11140,11140,29660,3
1,3,2,5,0,2,0,0,0,44,2,42,0,12900,12900,42560,2
1,2,1,5,0,1,0,0,0,37,2,35,0,4550,4550,47110,2
1,6,5,5,0,5,0,0,0,56,2,52,0,4440,4440,4440,6
1,6,4,5,0,4,0,0,0,50,2,48,0,15190,15190,19630,4
1,4,3,5,0,3,0,0,0,46,2,44,0,5960,5960,25590,4
1,4,2,5,0,2,0,0,0,42,2,40,0,5850,5850,31440,4
1,4,1,5,0,1,0,0,0,37,2,35,0,8330,8330,39770,3
1,6,5,5,0,5,0,0,0,53,2,51,0,-18890,-18890,8170,5
1,5,4,5,0,4,0,0,0,51,2,49,0,3980,3980,12150,5
1,4,3,5,0,3,0,0,0,48,2,46,0,12570,12570,24720,4
1,4,2,5,0,2,0,0,0,43,2,41,0,11590,11590,36310,3
1,3,1,5,0,1,0,0,0,39,2,37,0,3500,3500,39810,3
1,6,5,5,0,5,0,0,0,53,2,51,0,-36980,-36980,2830,6
1,6,4,5,0,4,0,0,0,51,2,49,0,9130,9130,11960,5
1,5,3,5,0,3,0,0,0,49,2,47,0,10720,10720,22680,4
1,4,2,5,0,2,0,0,0,45,2,43,0,14340,14340,37020,2
1,2,1,5,0,1,0,0,0,42,2,40,0,6970,6970,43990,2
1,6,5,5,0,5,0,0,0,53,2,51,0,-33020,-33020,10970,5
1,5,4,5,0,4,0,0,0,50,2,48,0,5110,5110,16080,5
1,5,3,5,0,3,0,0,0,47,2,45,0,15100,15100,31180,3
1,3,2,5,0,2,0,0,0,44,2,42,0,11780,11780,42960,2
1,2,1,5,0,1,0,0,0,38,2,36,0,10070,10070,53030,1
1,6,5,5,0,5,0,0,0,53,2,51,0,-42570,-42570,10460,5
1,5,4,5,0,4,0,0,0,50,2,48,0,5880,5880,16340,5
1,5,3,5,0,3,0,0,0,44,2,42,0,3210,3210,19550,5
1,5,2,5,0,2,0,0,0,42,2,40,0,16460,16460,36010,3
1,3,1,5,0,1,0,0,0,37,2,35,0,11530,11530,47540,2
1,6,5,5,0,5,0,0,0,53,2,51,0,-42900,-42900,4640,6
1,6,4,5,0,4,0,0,0,50,2,48,0,10140,10140,14780,5
1,5,3,5,0,3,0,0,0,47,2,45,0,2760,2760,17540,5
1,5,2,5,0,3,0,0,0,45,2,43,0,14990,14990,32530,3
1,3,1,5,0,1,0,0,0,42,2,40,0,5210,5210,37740,3
1,6,5,5,0,5,0,0,0,53,2,51,0,-34870,-34870,2870,6
1,6,4,5,0,4,0,0,0,51,2,49,0,8640,8640,11510,5
1,5,3,5,0,3,0,0,0,49,2,47,0,10680,10680,22190,4
1,4,2,5,0,2,0,0,0,45,2,43,0,7900,7900,30090,3
1,3,1,5,0,1,0,0,0,43,2,41,0,13990,13990,44080,2
1,6,5,5,0,5,0,0,0,53,2,51,0,-33110,-33110,10970,5
1,5,4,5,0,4,0,0,0,50,2,48,0,8300,8300,19270,4
1,4,3,5,0,3,0,0,0,48,2,46,0,3920,3920,23190,4
1,4,2,5,0,2,0,0,0,45,2,43,0,10210,10210,33400,3
1,3,1,5,0,1,0,0,0,41,2,39,0,13850,13850,47250,2
1,6,5,5,0,5,0,0,0,53,2,51,0,-38730,-38730,8520,5
1,5,4,5,0,4,0,0,0,51,2,49,0,21590,21590,30110,2
1,2,3,5,0,3,0,0,0,47,2,45,0,3040,3040,33150,2
1,2,2,5,0,2,0,0,0,45,2,43,0,11160,11160,44310,1
1,1,1,5,0,1,0,0,0,41,2,39,0,10020,10020,54330,0
2,11,5,4,3,1,1,0,0,47,22,21,4,-53860,-53860,470,11
1,6,5,5,0,5,0,0,0,56,2,52,0,4440,4440,4440,6
1,6,4,5,0,4,0,0,0,50,2,48,0,9790,9790,14230,5
1,5,3,5,0,3,0,0,0,47,2,45,0,8440,8440,22670,4
1,4,2,5,0,2,0,0,0,43,2,41,0,16170,16170,38840,2
1,2,1,5,0,1,0,0,0,39,2,37,0,9450,9450,48290,1
1,6,5,5,0,5,0,0,0,53,2,51,0,-38030,-38030,10260,5
1,5,4,5,0,4,0,0,0,51,2,49,0,4150,4150,14410,5
1,5,3,5,0,3,0,0,0,48,2,46,0,5560,5560,19970,5
1,5,2,5,0,2,0,0,0,44,2,42,0,8580,8580,28550,4
1,4,1,5,0,1,0,0,0,41,2,39,0,9660,9660,38210,3
1,6,5,5,0,5,0,0,0,53,2,51,0,-28130,-28130,10080,5
1,5,4,5,0,4,0,0,0,50,2,48,0,9920,9920,20000,4
1,4,3,5,0,3,0,0,0,46,2,44,0,10630,10630,30630,3
1,3,2,5,0,2,0,0,0,42,2,40,0,4840,4840,35470,3
1,3,1,5,0,1,0,0,0,39,2,37,0,3940,3940,39410,3
1,6,5,5,0,5,0,0,0,53,2,51,0,-36420,-36420,2990,6
1,6,4,5,0,4,0,0,0,51,2,49,0,10880,10880,13870,5
1,5,3,5,0,3,0,0,0,47,2,45,0,24360,24360,38230,2
1,2,2,5,0,2,0,0,0,41,2,39,0,3510,3510,41740,2
1,2,1,5,0,1,0,0,0,39,2,37,0,4450,4450,46190,2
1,6,5,5,0,5,0,0,0,53,2,51,0,-41750,-41750,4440,6
1,6,4,5,0,4,0,0,0,50,2,48,0,9800,9800,14240,5
1,5,3,5,0,3,0,0,0,47,2,45,0,9530,9530,23770,4
1,4,2,5,0,2,0,0,0,42,2,40,0,16600,16600,40370,2
1,2,1,5,0,1,0,0,0,37,2,35,0,3530,3530,43900,2
1,6,5,5,0,5,0,0,0,53,2,51,0,-30950,-30950,12950,4
1,4,4,5,0,4,0,0,0,51,2,49,0,3740,3740,16690,4
1,4,3,5,0,3,0,0,0,50,2,48,0,4420,4420,21110,4
1,4,2,5,0,2,0,0,0,47,2,45,0,5370,5370,26480,4
1,4,1,5,0,1,0,0,0,42,2,40,0,7110,7110,33590,3
1,6,5,5,0,5,0,0,0,56,2,52,0,4570,4570,4570,6
1,6,4,5,0,4,0,0,0,50,2,48,0,8300,8300,12870,5
1,5,3,5,0,3,0,0,0,48,2,46,0,8540,8540,21410,4
1,4,2,5,0,2,0,0,0,47,2,45,0,10510,10510,31920,3
1,3,1,5,0,1,0,0,0,43,2,41,0,3610,3610,35530,2
1,6,5,5,0,5,0,0,0,53,2,51,0,-29110,-29110,6420,6
1,6,4,5,0,4,0,0,0,49,2,47,0,3080,3080,9500,6
1,6,3,5,0,3,0,0,0,47,2,45,0,8360,8360,17860,5
1,5,2,5,0,2,0,0,0,45,2,43,0,4480,4480,22340,5
1,5,1,5,0,1,0,0,0,42,2,40,0,8240,8240,30580,3
1,6,5,5,0,5,0,0,0,53,2,51,0,8240,8240,8240,5
1,5,4,5,0,4,0,0,0,51,2,49,0,4000,4000,12240,5
1,4,3,5,0,3,0,0,0,48,2,46,0,21200,21200,33440,2
1,2,2,5,0,2,0,0,0,45,2,43,0,9840,9840,43280,1
1,1,1,5,0,1,0,0,0,42,2,40,0,5420,5420,48700,1
1,6,5,5,0,5,0,0,0,53,2,51,0,-38070,-38070,10630,5
1,5,4,5,0,4,0,0,0,49,2,47,0,4190,4190,14820,5
1,5,3,5,0,3,0,0,0,46,2,44,0,10060,10060,24880,4
1,4,2,5,0,2,0,0,0,42,2,40,0,14020,14020,38900,3
1,3,1,5,0,1,0,0,0,35,2,33,0,8710,8710,47610,2
1,6,5,5,0,5,0,0,0,53,2,51,0,10440,10440,10440,5
1,5,4,5,0,4,0,0,0,49,2,47,0,4440,4440,14880,5
1,5,3,5,0,3,0,0,0,46,2,44,0,13780,13780,28660,3
1,3,2,5,0,2,0,0,0,45,2,43,0,9450,9450,38110,2
1,2,1,5,0,1,0,0,0,41,2,39,0,6380,6380,44490,2
1,6,5,5,0,5,0,0,0,53,2,51,0,-35150,-35150,9340,5
1,5,4,5,0,4,0,0,0,50,2,48,0,4740,4740,14080,5
1,5,3,5,0,3,0,0,0,47,2,45,0,11930,11930,26010,4
1,4,2,5,0,2,0,0,0,41,2,39,0,8890,8890,34900,3
1,3,1,5,0,1,0,0,0,38,2,36,0,8140,8140,43040,2
1,6,5,5,0,5,0,0,0,53,2,51,0,-31440,-31440,11600,5
1,5,4,5,0,4,0,0,0,50,2,48,0,8710,8710,20310,4
1,4,3,5,0,3,0,0,0,48,2,46,0,3570,3570,23880,4
1,4,2,5,0,2,0,0,0,46,2,44,0,11190,11190,35070,3
1,3,1,5,0,1,0,0,0,41,2,39,0,3780,3780,38850,3
1,6,5,5,0,5,0,0,0,53,2,51,0,-29100,-29100,9750,5
1,5,4,5,0,4,0,0,0,50,2,48,0,9080,9080,18830,4
1,4,3,5,0,3,0,0,0,47,2,45,0,3170,3170,22000,4
1,4,2,5,0,2,0,0,0,46,2,44,0,10680,10680,32680,3
1,3,1,5,0,1,0,0,0,42,2,40,0,5370,5370,38050,3
1,6,5,5,0,5,0,0,0,53,2,51,0,-29770,-29770,8280,5
1,5,4,5,0,4,0,0,0,51,2,49,0,10170,10170,18450,4
1,4,3,5,0,3,0,0,0,48,2,46,0,4020,4020,22470,4
1,4,2,5,0,2,0,0,0,45,2,43,0,3320,3320,25790,4
1,4,1,5,0,1,0,0,0,43,2,41,0,10510,10510,36300,3
1,6,5,5,0,5,0,0,0,53,2,51,0,-25220,-25220,11080,5
1,5,4,5,0,4,0,0,0,49,2,47,0,10090,10090,21170,4
1,4,3,5,0,3,0,0,0,46,2,44,0,9950,9950,31120,3
1,3,2,5,0,2,0,0,0,42,2,40,0,11400,11400,42520,2
1,2,1,5,0,1,0,0,0,38,2,36,0,5710,5710,48230,2
1,6,5,5,0,5,0,0,0,53,2,51,0,-37420,-37420,10810,5
1,5,4,5,0,4,0,0,0,49,2,47,0,8280,8280,19090,4
1,4,3,5,0,3,0,0,0,47,2,45,0,3520,3520,22610,4
1,4,2,5,0,2,0,0,0,46,2,44,0,10340,10340,32950,3
1,3,1,5,0,1,0,0,0,43,2,41,0,16260,16260,49210,1
1,6,5,5,0,5,0,0,0,53,2,51,0,-39690,-39690,9520,5
1,5,4,5,0,4,0,0,0,50,2,48,0,6060,6060,15580,5
1,5,3,5,0,3,0,0,0,45,1,44,0,8510,8510,24090,4
1,4,2,5,0,2,0,0,0,44,1,43,0,10300,10300,34390,3
1,3,1,5,0,1,0,0,0,41,1,40,0,18180,18180,52570,1
1,6,5,5,0,5,0,0,0,53,2,51,0,-49390,-49390,3180,6
1,6,4,5,0,4,0,0,0,51,2,49,0,10450,10450,13630,5
1,5,3,5,0,3,0,0,0,48,2,46,0,6700,6700,20330,6
1,6,2,5,0,2,0,0,0,44,2,42,0,8050,8050,28380,5
1,5,1,5,0,1,0,0,0,42,2,40,0,11140,11140,39520,4
1,6,5,5,0,5,0,0,0,53,2,51,0,-30290,-30290,9230,5
1,5,4,5,0,4,0,0,0,52,2,50,0,11490,11490,20720,4
1,4,3,5,0,3,0,0,0,46,2,44,0,15730,15730,36450,2
1,2,2,5,0,2,0,0,0,44,2,42,0,3290,3290,39740,2
1,2,1,5,0,1,0,0,0,42,2,40,0,10570,10570,50310,1
1,6,5,5,0,5,0,0,0,53,2,51,0,-42380,-42380,7930,5
1,5,4,5,0,4,0,0,0,51,2,49,0,8670,8670,16600,4
1,4,3,5,0,3,0,0,0,49,2,47,0,10660,10660,27260,3
1,3,2,5,0,2,0,0,0,45,2,43,0,12080,12080,39340,2
1,2,1,5,0,1,0,0,0,39,2,37,0,11450,11450,50790,1
1,6,5,5,0,5,0,0,0,53,2,51,0,-47880,-47880,2910,6
1,6,4,5,0,4,0,0,0,51,2,49,0,8900,8900,11810,5
1,5,3,5,0,3,0,0,0,48,2,46,0,4280,4280,16090,5
1,5,2,5,0,2,0,0,0,45,2,43,0,4700,4700,20790,5
1,5,1,5,0,1,0,0,0,42,2,40,0,4930,4930,25720,5
1,6,5,5,0,5,0,0,0,53,2,51,0,-22930,-22930,2790,6
1,6,4,5,0,4,0,0,0,51,2,49,0,3040,3040,5830,6
1,6,3,5,0,3,0,0,0,49,2,47,0,4770,4770,10600,6
1,6,2,5,0,2,0,0,0,46,2,44,0,12940,12940,23540,4
1,4,1,5,0,1,0,0,0,44,2,42,0,7100,7100,30640,3
1,6,5,5,0,5,0,0,0,53,2,51,0,-19060,-19060,11580,5
1,5,4,5,0,4,0,0,0,49,2,47,0,9660,9660,21240,4
1,4,3,5,0,3,0,0,0,46,2,44,0,9340,9340,30580,3
1,3,2,5,0,2,0,0,0,43,2,41,0,11470,11470,42050,2
1,2,1,5,0,1,0,0,0,40,2,38,0,5830,5830,47880,2
1,6,5,5,0,5,0,0,0,53,2,51,0,-43590,-43590,4290,6
1,6,4,5,0,4,0,0,0,50,2,48,0,10430,10430,14720,5
1,5,3,5,0,3,0,0,0,46,2,44,0,11990,11990,26710,4
1,4,2,5,0,2,0,0,0,41,2,39,0,7940,7940,34650,3
1,3,1,5,0,1,0,0,0,39,2,37,0,3560,3560,38210,3
1,6,5,5,0,5,0,0,0,53,2,51,0,-33570,-33570,4640,6
1,6,4,5,0,4,0,0,0,50,2,48,0,8190,8190,12830,5
1,5,3,5,0,3,0,0,0,48,2,46,0,16980,16980,29810,3
1,3,2,5,0,2,0,0,0,43,2,41,0,6740,6740,36550,3
1,3,1,5,0,1,0,0,0,39,2,37,0,5210,5210,41760,3
1,6,5,5,0,5,0,0,0,53,2,51,0,-37120,-37120,4640,6
1,6,4,5,0,4,0,0,0,50,2,48,0,8330,8330,12970,5
1,5,3,5,0,3,0,0,0,48,2,46,0,5440,5440,18410,5
1,5,2,5,0,2,0,0,0,44,2,42,0,22630,22630,41040,2
1,2,1,5,0,1,0,0,0,38,2,36,0,5360,5360,46400,2
1,6,5,5,0,5,0,0,0,53,2,51,0,-36140,-36140,10260,5
1,5,4,5,0,4,0,0,0,50,2,48,0,8980,8980,19240,4
1,4,4,5,0,3,0,0,1,48,2,46,0,5440,5440,24680,4
1,4,2,5,0,2,0,0,0,43,2,41,0,10470,10470,35150,3
1,3,1,5,0,1,0,0,0,39,2,37,0,5310,5310,40460,3
1,6,5,5,0,5,0,0,0,53,2,51,0,-32030,-32030,8430,5
1,5,4,5,0,4,0,0,0,51,2,49,0,4400,4400,12830,5
1,5,3,5,0,3,0,0,0,48,2,46,0,5490,5490,18320,5
1,5,2,5,0,2,0,0,0,46,2,44,0,15320,15320,33640,3
1,3,1,5,0,1,0,0,0,42,2,40,0,8870,8870,42510,2
1,6,5,5,0,5,0,0,0,53,2,51,0,-33870,-33870,8640,5
1,5,4,5,0,4,0,0,0,51,2,49,0,5680,5680,14320,5
1,5,3,5,0,3,0,0,0,47,2,45,0,11730,11730,26050,4
1,4,2,5,0,2,0,0,0,41,2,39,0,3960,3960,30010,4
1,4,1,5,0,1,0,0,0,38,2,36,0,5430,5430,35440,4
1,6,5,5,0,5,0,0,0,54,3,51,0,5210,5210,5210,6
1,6,4,5,0,4,0,0,0,49,2,47,0,9440,9440,14650,5
1,5,3,5,0,3,0,0,0,46,2,44,0,11140,11140,25790,4
1,4,2,5,0,2,0,0,0,42,2,40,0,8250,8250,34040,3
1,3,1,5,0,1,0,0,0,40,2,38,0,7910,7910,41950,2
1,6,5,5,0,5,0,0,0,53,2,51,0,-33050,-33050,8900,5
1,5,4,5,0,4,0,0,0,50,2,48,0,4540,4540,13440,5
1,5,3,5,0,3,0,0,0,47,2,45,0,3910,3910,17350,5
1,5,2,5,0,2,0,0,0,47,2,45,0,4870,4870,22220,5
1,5,1,5,0,1,0,0,0,42,1,41,0,9730,9730,31950,4
1,6,5,5,0,5,0,0,0,53,2,51,0,-27510,-27510,4440,6
1,6,4,5,0,4,0,0,0,50,2,48,0,9520,9520,13960,5
1,5,3,5,0,3,0,0,0,48,2,46,0,14940,14940,28900,4
1,4,2,5,0,2,0,0,0,39,2,37,0,8050,8050,36950,3
1,3,1,5,0,1,0,0,0,38,2,36,0,11930,11930,48880,2
1,6,5,5,0,5,0,0,0,53,2,51,0,-44440,-44440,4440,6
1,6,4,5,0,4,0,0,0,50,2,48,0,10300,10300,14740,5
1,5,3,5,0,3,0,0,0,47,2,45,0,12750,12750,27490,4
1,4,2,5,0,2,0,0,0,41,2,39,0,3840,3840,31330,4
1,4,1,5,0,1,0,0,0,38,2,36,0,9590,9590,40920,3
1,6,5,5,0,5,0,0,0,53,2,51,0,-36480,-36480,4440,6
1,6,4,5,0,4,0,0,0,50,2,48,0,11510,11510,15950,5
1,5,3,5,0,3,0,0,0,46,2,44,0,3850,3850,19800,5
1,5,2,5,0,2,0,0,0,44,2,42,0,8040,8040,27840,4
1,4,1,5,0,1,0,0,0,43,2,41,0,3950,3950,31790,4
1,6,5,5,0,5,0,0,0,53,2,51,0,-27580,-27580,4210,6
1,5,4,5,0,4,0,0,0,51,2,49,0,14390,14390,18600,4
1,4,3,5,0,3,0,0,0,47,2,45,0,4520,4520,23120,4
1,4,2,5,0,2,0,0,0,44,2,42,0,6230,6230,29350,4
1,4,1,5,0,1,0,0,0,39,2,37,0,14390,14390,43740,2
1,6,5,5,0,5,0,0,0,53,2,51,0,-40370,-40370,3370,6
1,6,4,5,0,4,0,0,0,51,2,49,0,11140,11140,14510,5
1,5,3,5,0,3,0,0,0,46,2,44,0,11060,11060,25570,4
1,4,2,5,0,2,0,0,0,42,2,40,0,6290,6290,31860,4
1,4,1,5,0,1,0,0,0,39,2,37,0,9230,9230,41090,3
1,6,5,5,0,5,0,0,0,53,2,51,0,-36870,-36870,4220,6
1,6,4,5,0,4,0,0,0,50,2,48,0,9070,9070,13290,5
1,5,3,5,0,3,0,0,0,48,2,46,0,10990,10990,24280,4
1,4,2,5,0,2,0,0,0,44,2,42,0,10690,10690,34970,3
1,3,1,5,0,1,0,0,0,39,2,37,0,5250,5250,40220,3
1,6,5,5,0,5,0,0,0,53,2,51,0,-31080,-31080,9140,5
1,5,4,5,0,4,0,0,0,51,2,49,0,9490,9490,18630,4
1,4,3,5,0,3,0,0,0,47,2,45,0,4490,4490,23120,4
1,4,2,5,0,2,0,0,0,43,2,41,0,12320,12320,35440,3
1,3,1,5,0,1,0,0,0,39,2,37,0,5660,5660,41100,3
1,6,5,5,0,5,0,0,0,53,2,51,0,-32690,-32690,8410,5
1,5,4,5,0,4,0,0,0,51,2,49,0,5790,5790,14200,5
1,5,3,5,0,3,0,0,0,47,2,45,0,5200,5200,19400,5
1,5,2,5,0,2,0,0,0,43,2,41,0,5650,5650,25050,5
1,5,1,5,0,1,0,0,0,41,2,39,0,8670,8670,33720,4
1,6,5,5,0,5,0,0,0,53,2,51,0,-30850,-30850,2870,6
1,6,4,5,0,4,0,0,0,51,2,49,0,14840,14840,17710,4
1,4,3,5,0,3,0,0,0,48,2,46,0,3210,3210,20920,4
1,4,2,5,0,2,0,0,0,46,2,44,0,9780,9780,30700,3
1,3,1,5,0,1,0,0,0,49,2,45,0,15270,15270,45970,2
1,6,5,5,0,5,0,0,0,53,2,51,0,-41330,-41330,4640,6
1,6,4,5,0,4,0,0,0,50,2,48,0,2760,2760,7400,6
1,6,3,5,0,4,0,0,0,48,2,46,0,22030,22030,29430,3
1,3,2,5,0,2,0,0,0,43,2,41,0,3790,3790,33220,3
1,3,1,5,0,1,0,0,0,40,2,38,0,9430,9430,42650,2
1,6,5,5,0,5,0,0,0,53,2,51,0,-39780,-39780,2870,6
1,6,4,5,0,4,0,0,0,51,2,49,0,13710,13710,16580,4
1,4,3,5,0,3,0,0,0,49,2,47,0,3210,3210,19790,4
1,4,2,5,0,2,0,0,0,47,2,45,0,4960,4960,24750,4
1,4,1,5,0,1,0,0,0,43,2,41,0,7960,7960,32710,3
1,6,5,5,0,5,0,0,0,53,2,51,0,-28070,-28070,4640,6
1,6,4,5,0,4,0,0,0,50,2,48,0,16640,16640,21280,4
1,4,3,5,0,3,0,0,0,45,2,43,0,8380,8380,29660,3
1,3,2,5,0,2,0,0,0,44,2,42,0,8350,8350,38010,2
1,2,1,5,0,1,0,0,0,42,2,40,0,5780,5780,43790,2
1,6,5,5,0,5,0,0,0,53,2,51,0,-33310,-33310,10480,5
1,5,4,5,0,4,0,0,0,50,2,48,0,5010,5010,15490,5
1,5,3,5,0,3,0,0,0,47,2,45,0,8350,8350,23840,4
1,4,2,5,0,2,0,0,0,46,2,44,0,19110,19110,42950,2
1,2,1,5,0,1,0,0,0,38,2,36,0,5890,5890,48840,2
1,6,5,5,0,5,0,0,0,53,2,51,0,-40440,-40440,8400,5
1,5,4,5,0,4,0,0,0,51,2,49,0,8870,8870,17270,4
1,4,3,5,0,3,0,0,0,50,2,48,0,9740,9740,27010,3
1,3,2,5,0,2,0,0,0,47,2,45,0,6230,6230,33240,3
1,3,1,5,0,1,0,0,0,40,2,38,0,3520,3520,36760,3
1,6,5,5,0,5,0,0,0,53,2,51,0,-25540,-25540,11220,5
1,5,4,5,0,4,0,0,0,49,2,47,0,4790,4790,16010,5
1,5,3,5,0,3,0,0,0,46,2,44,0,8240,8240,24250,4
1,4,2,5,0,2,0,0,0,44,2,42,0,4060,4060,28310,4
1,4,1,5,0,1,0,0,0,41,2,39,0,11240,11240,39550,3
1,6,5,5,0,5,0,0,0,53,2,51,0,-30250,-30250,9300,5
1,5,4,5,0,4,0,0,0,51,2,49,0,8240,8240,17540,4
1,4,3,5,0,3,0,0,0,49,2,47,0,3940,3940,21480,4
1,4,2,5,0,2,0,0,0,46,2,44,0,4710,4710,26190,4
1,4,1,5,0,1,0,0,0,42,2,40,0,13080,13080,39270,2
1,6,5,5,0,5,0,0,0,53,2,51,0,-28300,-28300,10970,5
1,5,4,5,0,4,0,0,0,50,2,48,0,5490,5490,16460,5
1,5,3,5,0,3,0,0,0,48,2,46,0,6560,6560,23020,5
1,5,2,5,0,2,0,0,0,41,2,39,0,11600,11600,34620,4
1,4,1,5,0,1,0,0,0,36,2,34,0,13080,13080,47700,2
1,6,5,5,0,5,0,0,0,53,2,51,0,-36520,-36520,11180,5
1,5,4,5,0,4,0,0,0,48,2,46,0,8290,8290,19470,4
1,4,3,5,0,3,0,0,0,46,2,44,0,3270,3270,22740,4
1,4,2,5,0,2,0,0,0,44,2,42,0,5670,5670,28410,4
1,4,1,5,0,1,0,0,0,40,2,38,0,8580,8580,36990,3
1,6,5,5,0,5,0,0,0,53,2,51,0,-30270,-30270,6720,6
1,6,4,5,0,4,0,0,0,48,2,46,0,9230,9230,15950,5
1,5,3,5,0,3,0,0,0,45,2,43,0,11010,11010,26960,4
1,4,2,5,0,2,0,0,0,41,2,39,0,3860,3860,30820,4
1,4,1,5,0,1,0,0,0,40,2,38,0,13680,13680,44500,2
1,6,5,5,0,5,0,0,0,53,2,51,0,-33730,-33730,10770,5
1,5,4,5,0,4,0,0,0,51,2,49,0,7870,7870,18640,4
1,4,3,5,0,3,0,0,0,50,2,48,0,4060,4060,22700,4
1,4,2,5,0,2,0,0,0,48,2,46,0,10060,10060,32760,3
1,3,1,5,0,1,0,0,0,44,2,42,0,5140,5140,37900,3
1,6,5,5,0,5,0,0,0,53,2,51,0,-29830,-29830,8070,5
1,5,4,5,0,4,0,0,0,51,2,49,0,6040,6040,14110,5
1,5,3,5,0,3,0,0,0,48,2,46,0,8570,8570,22680,4
1,4,2,5,0,2,0,0,0,46,2,44,0,8420,8420,31100,3
1,3,1,5,0,1,0,0,0,44,2,42,0,13070,13070,44170,2
1,6,5,5,0,5,0,0,0,53,2,51,0,-34040,-34040,10130,5
1,5,4,5,0,4,0,0,0,51,2,49,0,5560,5560,15690,5
1,5,3,5,0,3,0,0,0,47,2,45,0,11560,11560,27250,4
1,4,2,5,0,2,0,0,0,41,2,39,0,4080,4080,31330,4
1,4,1,5,0,1,0,0,0,38,2,36,0,10560,10560,41890,3
1,6,5,5,0,5,0,0,0,53,2,51,0,-30780,-30780,11110,5
1,5,4,5,0,4,0,0,0,48,2,46,0,11880,11880,22990,4
1,4,3,5,0,3,0,0,0,44,2,42,0,3120,3120,26110,4
1,4,2,5,0,2,0,0,0,42,2,40,0,4040,4040,30150,4
1,4,1,5,0,1,0,0,0,39,2,37,0,15600,15600,45750,2
1,6,5,5,0,5,0,0,0,53,2,51,0,-36230,-36230,9520,5
1,5,4,5,0,4,0,0,0,50,2,48,0,16200,16200,25720,3
1,3,3,5,0,3,0,0,0,46,2,44,0,5350,5350,31070,3
1,3,2,5,0,2,0,0,0,42,2,40,0,4170,4170,35240,3
1,3,1,5,0,1,0,0,0,39,2,37,0,4260,4260,39500,3
1,6,5,5,0,5,0,0,0,53,2,51,0,-29040,-29040,10460,5
1,5,4,5,0,4,0,0,0,50,2,48,0,11290,11290,21750,4
1,4,3,5,0,3,0,0,0,46,2,44,0,3150,3150,24900,4
1,4,2,5,0,2,0,0,0,44,2,42,0,10560,10560,35460,3
1,3,1,5,0,1,0,0,0,39,2,37,0,9150,9150,44610,2
1,6,5,5,0,5,0,0,0,53,2,51,0,-41690,-41690,2920,6
1,6,4,5,0,4,0,0,0,51,2,49,0,10280,10280,13200,5
1,5,3,5,0,3,0,0,0,47,2,45,0,6280,6280,19480,5
1,5,2,5,0,2,0,0,0,43,2,41,0,4240,4240,23720,5
1,5,1,5,0,1,0,0,0,39,2,37,0,13290,13290,37010,3
1,6,5,5,0,5,0,0,0,53,2,51,0,-25550,-25550,11460,5
1,5,4,5,0,4,0,0,0,50,2,48,0,12230,12230,23690,4
1,4,3,5,0,3,0,0,0,46,2,44,0,10430,10430,34120,3
1,3,2,5,0,2,0,0,0,43,2,41,0,4870,4870,38990,3
1,3,1,5,0,1,0,0,0,39,2,37,0,10040,10040,49030,2
1,6,5,5,0,5,0,0,0,53,2,51,0,-40390,-40390,8640,5
1,5,4,5,0,4,0,0,0,51,2,49,0,5650,5650,14290,5
1,5,3,5,0,3,0,0,0,49,2,47,0,6100,6100,20390,5
1,5,2,5,0,2,0,0,0,45,2,43,0,2760,2760,23150,5
1,5,1,5,0,2,0,0,0,42,2,40,0,10590,10590,33740,4
1,6,5,5,0,5,0,0,0,53,2,51,0,-25220,-25220,8520,5
1,5,4,5,0,4,0,0,0,51,2,49,0,10730,10730,19250,4
1,4,3,5,0,3,0,0,0,47,2,45,0,2770,2770,22020,4
1,4,2,5,0,2,0,0,0,45,2,43,0,3400,3400,25420,4
1,4,1,5,0,1,0,0,0,43,2,41,0,11190,11190,36610,3
1,6,5,5,0,5,0,0,0,53,2,51,0,-26150,-26150,10460,5
1,5,4,5,0,4,0,0,0,50,2,48,0,2820,2820,13280,5
1,5,3,5,0,4,0,0,0,48,2,46,0,10680,10680,23960,4
1,4,2,5,0,2,0,0,0,44,2,42,0,5580,5580,29540,4
1,4,1,5,0,1,0,0,0,42,4,38,0,4350,4350,33890,4
1,6,5,5,0,5,0,0,0,53,2,51,0,4220,4220,4220,6
1,6,4,5,0,4,0,0,0,50,2,48,0,8940,8940,13160,5
1,5,3,5,0,3,0,0,0,48,2,46,0,17660,17660,30820,3
1,3,2,5,0,2,0,0,0,43,2,41,0,3550,3550,34370,3
1,3,1,5,0,1,0,0,0,41,2,39,0,5960,5960,40330,3
1,6,5,5,0,5,0,0,0,53,2,51,0,-34810,-34810,5520,6
1,6,4,5,0,4,0,0,0,49,2,47,0,4000,4000,9520,6
1,6,3,5,0,3,0,0,0,46,2,44,0,4090,4090,13610,6
1,6,2,5,0,2,0,0,0,44,2,42,0,9180,9180,22790,5
1,5,1,5,0,1,0,0,0,41,1,40,0,11620,11620,34410,4
1,6,5,5,0,5,0,0,0,53,2,51,0,-23770,-23770,10640,5
1,5,4,5,0,4,0,0,0,49,2,47,0,4440,4440,15080,5
1,5,3,5,0,3,0,0,0,46,2,44,0,8030,8030,23110,4
1,4,2,5,0,2,0,0,0,44,2,42,0,13590,13590,36700,3
1,3,1,5,0,1,0,0,0,38,2,36,0,5220,5220,41920,3
1,6,5,5,0,5,0,0,0,53,2,51,0,-32010,-32010,9910,5
1,5,4,5,0,4,0,0,0,50,2,48,0,4180,4180,14090,5
1,5,3,5,0,3,0,0,0,47,2,45,0,10650,10650,24740,4
1,4,2,5,0,2,0,0,0,42,2,40,0,5100,5100,29840,4
1,4,1,5,0,1,0,0,0,37,2,35,0,8220,8220,38060,3
1,6,5,5,0,5,0,0,0,53,2,51,0,-35080,-35080,2980,6
1,6,4,5,0,4,0,0,0,51,2,49,0,3210,3210,6190,6
1,6,3,5,0,3,0,0,0,49,2,47,0,15160,15160,21350,4
1,4,2,5,0,2,0,0,0,47,2,45,0,4380,4380,25730,4
1,4,1,5,0,1,0,0,0,44,2,42,0,11660,11660,37390,3
1,6,5,5,0,5,0,0,0,53,2,51,0,-29170,-29170,8220,5
1,5,4,5,0,4,0,0,0,51,2,49,0,8870,8870,17090,4
1,4,3,5,0,3,0,0,0,48,2,46,0,14010,14010,31100,2
1,2,2,5,0,2,0,0,0,46,2,44,0,3450,3450,34550,2
1,2,1,5,0,1,0,0,0,45,2,43,0,4270,4270,38820,2
1,6,5,5,0,5,0,0,0,53,2,51,0,-35400,-35400,3420,6
1,6,4,5,0,4,0,0,0,51,2,49,0,17610,17610,21030,4
1,4,3,5,0,3,0,0,0,46,2,44,0,6340,6340,27370,4
1,4,2,5,0,2,0,0,0,41,2,39,0,8200,8200,35570,3
1,3,1,5,0,1,0,0,0,38,2,36,0,10170,10170,45740,2
1,6,5,5,0,5,0,0,0,53,2,51,0,-36490,-36490,9250,5
1,5,4,5,0,4,0,0,0,52,2,50,0,11340,11340,20590,4
1,4,3,5,0,3,0,0,0,46,2,44,0,3890,3890,24480,4
1,4,2,5,0,2,0,0,0,44,2,42,0,11010,11010,35490,3
1,3,1,5,0,1,0,0,0,40,2,38,0,3480,3480,38970,3
1,6,5,5,0,5,0,0,0,53,2,51,0,-36010,-36010,2960,6
1,6,4,5,0,4,0,0,0,51,2,49,0,14180,14180,17140,4
1,4,3,5,0,3,0,0,0,50,2,48,0,3750,3750,20890,4
1,4,2,5,0,2,0,0,0,48,2,46,0,10550,10550,31440,3
1,3,1,5,0,1,0,0,0,42,2,40,0,9870,9870,41310,2
1,6,5,5,0,5,0,0,0,53,2,51,0,-37440,-37440,3870,6
1,6,4,5,0,4,0,0,0,51,2,49,0,10090,10090,13960,5
1,5,3,5,0,3,0,0,0,48,2,46,0,14730,14730,28690,3
1,3,2,5,0,2,0,0,0,44,2,42,0,8150,8150,36840,2
1,2,1,5,0,1,0,0,1,42,2,40,0,11040,11040,47880,1
1,6,5,5,0,5,0,0,0,53,2,51,0,-37420,-37420,10460,5
1,5,4,5,0,4,0,0,0,50,2,48,0,3750,3750,14210,5
1,5,3,5,0,3,0,0,0,48,2,46,0,4110,4110,18320,5
1,5,2,5,0,2,0,0,0,45,2,43,0,17750,17750,36070,3
1,3,1,5,0,1,0,0,0,39,2,37,0,9250,9250,45320,2
1,1,3,4,3,0,0,0,0,35,5,27,1,900,900,900,1
