1,6,5,5,0,5,0,0,0,56,2,52,0,10610,10610,10610,5
1,5,4,5,0,4,0,0,0,51,2,49,0,8170,8170,18780,4
1,4,3,5,0,3,0,0,0,49,2,47,0,3980,3980,22760,4
1,4,2,5,0,2,0,0,0,46,2,44,0,6700,6700,29460,4
1,4,1,5,0,1,0,0,0,41,2,39,0,12090,12090,41550,3
1,6,5,5,0,5,0,0,0,53,2,51,0,-33770,-33770,7780,5
1,5,4,5,0,4,0,0,0,52,2,50,0,11780,11780,19560,4
1,4,3,5,0,3,0,0,0,46,2,44,0,10540,10540,30100,3
1,3,2,5,0,2,0,0,0,42,2,40,0,3300,3300,33400,3
1,3,1,5,0,1,0,0,0,41,2,39,0,15060,15060,48460,1
1,6,5,5,0,5,0,0,0,53,2,51,0,-39400,-39400,9060,5
1,5,4,5,0,4,0,0,0,52,2,50,0,10550,10550,19610,4
1,4,3,5,0,3,0,0,0,49,3,46,0,7800,7800,27410,4
1,4,2,5,0,2,0,0,0,44,3,41,0,4310,4310,31720,4
1,4,1,5,0,1,0,0,0,40,3,37,0,3370,3370,35090,4
1,6,5,5,0,5,0,0,0,53,2,51,0,-24750,-24750,10340,5
1,5,4,5,0,4,0,0,0,50,2,48,0,9230,9230,19570,4
1,4,3,5,0,3,0,0,0,48,2,46,0,6410,6410,25980,4
1,4,2,5,0,2,0,0,0,42,2,40,0,2860,2860,28840,4
1,4,1,5,0,1,0,0,0,40,2,38,0,12040,12040,40880,3
1,6,5,5,0,5,0,0,0,53,2,51,0,-32680,-32680,8200,5
1,5,4,5,0,4,0,0,0,51,2,49,0,12330,12330,20530,4
1,4,3,5,0,3,0,0,0,46,2,44,0,3920,3920,24450,4
1,4,2,5,0,2,0,0,0,43,2,41,0,4230,4230,28680,4
1,4,1,5,0,1,0,0,0,39,2,37,0,17420,17420,46100,2
1,6,5,5,0,5,0,0,0,53,2,51,0,-37740,-37740,8360,5
1,5,4,5,0,4,0,0,0,51,2,49,0,10930,10930,19290,4
1,4,3,5,0,3,0,0,0,49,2,47,0,3450,3450,22740,4
1,4,2,5,0,2,0,0,0,48,2,46,0,8930,8930,31670,3
1,3,1,5,0,1,0,0,0,45,2,43,0,8090,8090,39760,2
1,6,5,5,0,5,0,0,0,53,2,51,0,-28010,-28010,11750,5
1,5,4,5,0,4,0,0,0,49,2,47,0,10060,10060,21810,4
1,4,3,5,0,3,0,0,0,48,2,46,0,5940,5940,27750,4
1,4,2,5,0,2,0,0,0,43,2,41,0,7720,7720,35470,3
1,3,1,5,0,1,0,0,0,41,2,39,0,10830,10830,46300,2
1,6,5,5,0,5,0,0,0,53,2,51,0,-36910,-36910,9390,5
1,5,4,5,0,4,0,0,0,50,2,48,0,8100,8100,17490,4
1,4,3,5,0,3,0,0,0,48,2,46,0,7910,7910,25400,3
1,3,2,5,0,2,0,0,0,46,2,44,0,6220,6220,31620,3
1,3,1,5,0,1,0,0,0,42,2,40,0,5220,5220,36840,3
1,6,5,5,0,5,0,0,0,53,2,51,0,-28340,-28340,8500,5
1,5,4,5,0,4,0,0,0,51,2,49,0,10820,10820,19320,4
1,4,3,5,0,3,0,0,0,47,2,45,0,9230,9230,28550,3
1,3,2,5,0,2,0,0,0,44,2,42,0,4930,4930,33480,3
1,3,1,5,0,1,0,0,0,41,2,39,0,9950,9950,43430,2
1,6,5,5,0,5,0,0,0,53,2,51,0,-34730,-34730,8700,5
1,5,4,5,0,4,0,0,0,52,2,50,0,15540,15540,24240,3
1,3,3,5,0,3,0,0,0,49,2,47,0,5670,5670,29910,3
1,3,2,5,0,2,0,0,0,43,2,41,0,10950,10950,40860,2
1,2,1,5,0,1,0,0,0,40,2,38,0,3520,3520,44380,2
1,6,5,5,0,5,0,0,0,53,2,51,0,-33950,-33950,10430,5
1,5,4,5,0,4,0,0,0,50,2,48,0,9230,9230,19660,4
1,4,3,5,0,3,0,0,0,49,2,47,0,4690,4690,24350,4
1,4,2,5,0,2,0,0,0,44,2,42,0,12460,12460,36810,3
1,3,1,5,0,1,0,0,0,39,2,37,0,13730,13730,50540,1
1,6,5,5,0,5,0,0,0,53,2,51,0,8241,8241,8240,5
1,5,4,5,0,4,0,0,0,51,2,49,0,11140,11140,19380,4
1,4,3,5,0,3,0,0,0,47,2,45,0,2980,2980,22360,4
1,4,2,5,0,2,0,0,0,45,2,43,0,3490,3490,25850,4
1,5,1,5,0,1,0,0,0,42,2,40,0,11060,11060,36910,3
1,6,5,5,0,5,0,0,0,53,2,51,0,-28670,-28670,8240,5
1,5,4,5,0,4,0,0,0,51,2,49,0,11140,11140,19380,4
1,4,3,5,0,3,0,0,0,47,2,45,0,2780,2780,22160,4
1,4,2,5,0,2,0,0,0,45,2,43,0,10520,10520,32680,3
1,3,1,5,0,1,0,0,0,41,2,39,0,3560,3560,36240,3
1,6,5,5,0,5,0,0,0,53,2,51,0,-25540,-25540,10700,5
1,5,4,5,0,4,0,0,0,51,2,49,0,8590,8590,19290,4
1,4,3,5,0,3,0,0,0,49,2,47,0,3540,3540,22830,4
1,4,2,5,0,2,0,0,0,47,2,45,0,9080,9080,31910,3
1,3,1,5,0,1,0,0,0,42,2,40,0,3770,3770,35680,3
1,6,5,5,0,5,0,0,0,53,2,51,0,-30470,-30470,5210,6
1,6,4,5,0,4,0,0,0,49,1,48,0,17150,17150,22360,4
1,4,3,5,0,3,0,0,0,44,1,43,0,4990,4990,27350,4
1,4,2,5,0,2,0,0,0,40,1,39,0,1230,1230,28580,4
1,4,1,5,0,1,0,0,0,39,1,38,0,7810,7810,36390,3
1,6,5,5,0,5,0,0,0,53,2,51,0,-25830,-25830,10560,5
1,5,4,5,0,4,0,0,0,50,2,48,0,10990,10990,21550,4
1,4,3,5,0,3,0,0,0,45,2,43,0,9230,9230,30780,3
1,3,2,5,0,2,0,0,0,42,2,40,0,5700,5700,36480,3
1,3,1,5,0,1,0,0,0,36,2,34,0,13120,13120,49600,1
1,6,5,5,0,5,0,0,0,53,2,51,0,-40320,-40320,9280,5
1,5,4,5,0,4,0,0,0,52,2,50,0,10660,10660,19940,4
1,4,3,5,0,3,0,0,0,50,2,48,0,5920,5920,25860,4
1,4,2,5,0,2,0,0,0,43,2,41,0,13500,13500,39360,3
1,3,1,5,0,1,0,0,0,35,2,33,0,10000,10000,49360,2
1,6,5,5,0,5,0,0,0,53,2,51,0,-36930,-36930,12430,5
1,5,4,5,0,4,0,0,0,48,2,46,0,8520,8520,20950,4
1,4,3,5,0,3,0,0,0,46,2,44,0,4070,4070,25020,4
1,4,2,5,0,2,0,0,0,43,2,41,0,10810,10810,35830,3
1,3,1,5,0,1,0,0,0,38,2,36,0,8320,8320,44150,2
1,6,5,5,0,5,0,0,0,53,2,51,0,-35700,-35700,8450,5
1,5,4,5,0,4,0,0,0,51,2,49,0,11210,11210,19660,4
1,4,3,5,0,3,0,0,0,47,2,45,0,4190,4190,23850,4
1,4,2,5,0,2,0,0,0,44,2,42,0,7880,7880,31730,3
1,3,1,5,0,1,0,0,0,42,2,40,0,3100,3100,34830,3
1,6,5,5,0,5,0,0,0,53,2,51,0,-26380,-26380,8450,5
1,5,4,5,0,4,0,0,0,51,2,49,0,10640,10640,19090,4
1,4,3,5,0,3,0,0,0,47,2,45,0,5330,5330,24420,4
1,4,2,5,0,2,0,0,0,43,2,41,0,1340,1340,25760,4
1,4,1,5,0,1,0,0,0,42,2,40,0,5690,5690,31450,4
1,6,5,5,0,5,0,0,0,53,2,51,0,-25520,-25520,5930,6
1,6,4,5,0,4,0,0,0,49,2,47,0,7600,7600,13530,5
1,5,3,5,0,3,0,0,0,48,2,46,0,8740,8740,22270,4
1,4,2,5,0,2,0,0,0,45,1,44,0,2930,2930,25200,4
1,4,1,5,0,1,0,0,0,42,1,41,0,-1,-1,-1,1
1,6,5,5,0,5,0,0,0,53,2,51,0,9251,9251,9250,5
1,5,4,5,0,4,0,0,0,51,2,49,0,10410,10410,19660,4
1,4,3,5,0,3,0,0,0,48,2,46,0,8460,8460,28120,4
1,4,2,5,0,2,0,0,0,42,1,41,0,6120,6120,34240,4
1,4,1,5,0,1,0,0,0,35,0,35,0,-1,-1,-1,1
1,6,5,5,0,5,0,0,0,53,2,51,0,9461,9461,9460,5
1,5,4,5,0,4,0,0,0,50,2,48,0,0,0,9460,5
1,5,3,5,0,3,0,0,0,50,2,48,0,7920,7920,17380,4
1,4,2,5,0,2,0,0,0,49,2,47,0,0,0,17380,4
1,4,1,5,0,1,0,0,0,49,2,47,0,6360,6360,23740,4
1,6,5,5,0,5,0,0,0,53,2,51,0,-15040,-15040,8700,5
1,5,4,5,0,4,0,0,0,52,2,50,0,11170,11170,19870,4
1,4,3,5,0,3,0,0,0,48,2,46,0,6400,6400,26270,4
1,4,2,5,0,2,0,0,0,44,1,43,0,10720,10720,36990,3
1,3,1,5,0,1,0,0,0,39,1,38,0,6390,6390,43380,3
1,6,5,5,0,5,0,0,0,53,2,51,0,-35400,-35400,7980,5
1,5,4,5,0,4,0,0,0,52,2,50,0,10760,10760,18740,4
1,4,3,5,0,3,0,0,0,50,2,48,0,3830,3830,22570,4
1,4,2,5,0,2,0,0,0,48,2,46,0,13750,13750,36320,2
1,2,1,5,0,1,0,0,0,46,2,44,0,5080,5080,41400,2
1,6,5,5,0,5,0,0,0,53,2,51,0,-33200,-33200,8200,5
1,5,4,5,0,4,0,0,0,51,2,49,0,9190,9190,17390,4
1,4,3,5,0,3,0,0,0,50,2,48,0,9860,9860,27250,3
1,3,2,5,0,2,0,0,0,47,2,45,0,6450,6450,33700,3
1,3,1,5,0,1,0,0,0,39,2,37,0,5730,5730,39430,3
1,6,5,5,0,5,0,0,0,53,2,51,0,-30910,-30910,8520,5
1,5,4,5,0,4,0,0,0,51,2,49,0,10320,10320,18840,4
1,4,3,5,0,3,0,0,0,47,2,45,0,8980,8980,27820,3
1,3,2,5,0,2,0,0,0,46,2,44,0,11030,11030,38850,2
1,2,1,5,0,1,0,0,0,41,2,39,0,4660,4660,43510,2
1,6,5,5,0,5,0,0,0,53,2,51,0,-34810,-34810,8700,5
1,5,4,5,0,4,0,0,0,52,2,50,0,11260,11260,19960,4
1,4,3,5,0,3,0,0,0,48,2,46,0,11330,11330,31290,3
1,3,2,5,0,2,0,0,0,43,2,41,0,4350,4350,35640,3
1,3,1,5,0,1,0,0,0,39,2,37,0,10100,10100,45740,2
1,6,5,5,0,5,0,0,0,53,2,51,0,-35210,-35210,10530,5
1,5,4,5,0,4,0,0,0,50,2,48,0,9230,9230,19760,4
1,4,3,5,0,3,0,0,0,49,2,47,0,4540,4540,24300,4
1,4,2,5,0,2,0,0,0,44,2,42,0,15680,15680,39980,2
1,2,1,5,0,1,0,0,0,40,2,38,0,5260,5260,45240,2
1,6,5,5,0,5,0,0,0,53,2,51,0,-36540,-36540,8700,5
1,5,4,5,0,4,0,0,0,52,2,50,0,11170,11170,19870,4
1,4,3,5,0,3,0,0,0,48,2,46,0,4230,4230,24100,4
1,4,2,5,0,2,0,0,0,44,2,42,0,10070,10070,34170,3
1,3,1,5,0,1,0,0,0,41,2,39,0,5100,5100,39270,3
1,6,5,5,0,5,0,0,0,53,2,51,0,-28300,-28300,10970,5
1,5,4,5,0,4,0,0,0,51,2,49,0,8240,8240,19210,4
1,4,3,5,0,3,0,0,0,49,2,47,0,3590,3590,22800,4
1,4,2,5,0,2,0,0,0,48,2,46,0,5250,5250,28050,4
1,4,1,5,0,1,0,0,0,43,2,41,0,14450,14450,42500,2
1,6,5,5,0,5,0,0,0,53,2,51,0,-32240,-32240,10260,5
1,5,4,5,0,4,0,0,0,50,2,48,0,8590,8590,18850,4
1,4,3,5,0,3,0,0,0,48,2,46,0,3540,3540,22390,4
1,4,2,5,0,2,0,0,0,47,2,45,0,10770,10770,33160,3
1,3,1,5,0,1,0,0,0,44,2,42,0,10530,10530,43690,2
1,6,5,5,0,5,0,0,0,53,2,51,0,-35950,-35950,7740,5
1,5,4,5,0,4,0,0,0,52,2,50,0,10930,10930,18670,4
1,4,3,5,0,3,0,0,0,49,3,46,0,4530,4530,23200,4
1,4,2,5,0,2,0,0,0,46,2,44,0,5200,5200,28400,4
1,4,1,5,0,1,0,0,0,40,0,40,0,10670,10670,39070,3
1,6,5,5,0,5,0,0,0,53,2,51,0,-28370,-28370,10700,5
1,5,4,5,0,4,0,0,0,51,2,49,0,9230,9230,19930,4
1,4,3,5,0,3,0,0,0,50,2,48,0,5500,5500,25430,4
1,4,2,5,0,2,0,0,0,47,2,45,0,10360,10360,35790,3
1,3,1,5,0,1,0,0,0,43,2,41,0,7380,7380,43170,3
1,6,5,5,0,5,0,0,0,53,2,51,0,-34950,-34950,8220,5
1,5,4,5,0,4,0,0,0,51,2,49,0,10460,10460,18680,4
1,4,3,5,0,3,0,0,0,48,2,46,0,10280,10280,28960,3
1,3,2,5,0,2,0,0,0,44,2,42,0,4210,4210,33170,3
1,3,1,5,0,1,0,0,0,41,2,39,0,10670,10670,43840,2
1,6,5,5,0,5,0,0,0,53,2,51,0,-35740,-35740,8100,5
1,5,4,5,0,4,0,0,0,51,2,49,0,10690,10690,18790,4
1,4,3,5,0,3,0,0,0,48,2,46,0,4620,4620,23410,4
1,4,2,5,0,2,0,0,0,45,2,43,0,5210,5210,28620,4
1,4,1,5,0,1,0,0,0,40,2,38,0,13240,13240,41860,2
1,6,5,5,0,5,0,0,0,53,2,51,0,-33640,-33640,8220,5
1,5,4,5,0,4,0,0,0,51,2,49,0,10760,10760,18980,4
1,4,3,5,0,3,0,0,0,49,2,47,0,3930,3930,22910,4
1,4,2,5,0,2,0,0,0,45,2,43,0,4750,4750,27660,4
1,4,1,5,0,1,0,0,0,41,2,39,0,10640,10640,38300,3
1,6,5,5,0,5,0,0,0,53,2,51,0,-30320,-30320,7980,5
1,5,4,5,0,4,0,0,0,52,2,50,0,4360,4360,12340,5
1,5,3,5,0,3,0,0,0,49,2,47,0,6030,6030,18370,5
1,5,2,5,0,2,0,0,0,45,2,43,0,24220,24220,42590,2
1,2,1,5,0,1,0,0,0,37,2,35,0,5570,5570,48160,2
1,6,5,5,0,5,0,0,0,53,2,51,0,-40180,-40180,7980,5
1,5,4,5,0,4,0,0,0,52,2,50,0,8990,8990,16970,4
1,4,3,5,0,3,0,0,0,50,2,48,0,5720,5720,22690,4
1,4,2,5,0,2,0,0,0,47,2,45,0,17420,17420,40110,2
1,2,1,5,0,1,0,0,0,41,2,39,0,3830,3830,43940,2
1,6,5,5,0,5,0,0,0,53,2,51,0,-34660,-34660,9280,5
1,5,4,5,0,4,0,0,0,52,2,50,0,10740,10740,20020,4
1,4,3,5,0,3,0,0,0,50,2,48,0,4860,4860,24880,4
1,4,2,5,0,2,0,0,0,48,2,46,0,6300,6300,31180,4
1,4,1,5,0,1,0,0,0,42,2,40,0,16760,16760,47940,2
1,6,5,5,0,5,0,0,0,53,2,51,0,-38660,-38660,9280,5
1,5,4,5,0,4,0,0,0,52,2,50,0,9670,9670,18950,4
1,4,3,5,0,3,0,0,0,49,2,47,0,4380,4380,23330,4
1,4,2,5,0,2,0,0,0,44,2,42,0,4880,4880,28210,4
1,4,1,5,0,1,0,0,0,40,2,38,0,17040,17040,45250,2
1,6,5,5,0,5,0,0,0,53,2,51,0,-35970,-35970,9280,5
1,5,4,5,0,4,0,0,0,52,2,50,0,11260,11260,20540,4
1,4,3,5,0,3,0,0,0,48,2,46,0,3640,3640,24180,4
1,4,2,5,0,2,0,0,0,46,2,44,0,10850,10850,35030,3
1,3,1,5,0,1,0,0,0,43,2,41,0,5940,5940,40970,3
1,6,5,5,0,5,0,0,0,53,2,51,0,-32990,-32990,7980,5
1,5,4,5,0,4,0,0,0,52,2,50,0,10660,10660,18640,4
1,4,3,5,0,3,0,0,0,48,2,46,0,17430,17430,36070,2
1,2,2,5,0,2,0,0,0,44,2,42,0,4510,4510,40580,2
1,2,1,5,0,1,0,0,0,40,2,38,0,2970,2970,43550,2
1,6,5,5,0,5,0,0,0,53,2,51,0,-35330,-35330,8220,5
1,5,4,5,0,4,0,0,0,51,2,49,0,10280,10280,18500,4
1,4,3,5,0,3,0,0,0,48,2,46,0,11460,11460,29960,3
1,3,2,5,0,2,0,0,0,43,2,41,0,9790,9790,39750,2
1,2,1,5,0,1,0,0,0,40,2,38,0,4130,4130,43880,2
1,6,5,5,0,5,0,0,0,53,2,51,0,-35660,-35660,8220,5
1,5,4,5,0,4,0,0,0,51,2,49,0,11880,11880,20100,3
1,4,3,5,0,3,0,0,0,46,2,44,0,4200,4200,24300,4
1,4,2,5,0,2,0,0,0,44,2,42,0,3540,3540,27840,4
1,4,1,5,0,1,0,0,0,42,2,40,0,16660,16660,44500,2
1,6,5,5,0,5,0,0,0,53,2,51,0,-36050,-36050,8450,5
1,5,4,5,0,4,0,0,0,51,2,49,0,10200,10200,18650,4
1,5,3,5,0,3,0,0,0,48,2,46,0,11290,11290,29940,3
1,3,2,5,0,2,0,0,0,43,2,41,0,3510,3510,33450,3
1,3,1,5,0,1,0,0,0,41,2,39,0,3660,3660,37110,3
1,6,5,5,0,5,0,0,0,53,2,51,0,-28890,-28890,8220,5
1,5,4,5,0,4,0,0,0,51,2,49,0,10680,10680,18900,4
1,4,3,5,0,3,0,0,0,47,2,45,0,4020,4020,22920,4
1,4,2,5,0,2,0,0,0,45,2,43,0,3910,3910,26830,4
1,4,1,5,0,1,0,0,0,43,2,41,0,12260,12260,39090,3
1,6,5,5,0,5,0,0,0,53,2,51,0,-30640,-30640,8450,5
1,5,4,5,0,4,0,0,0,51,2,49,0,17290,17290,25740,3
1,3,3,5,0,3,0,0,0,45,2,43,0,9490,9490,35230,2
1,2,2,5,0,2,0,0,0,42,2,40,0,2810,2810,38040,2
1,2,1,5,0,1,0,0,0,40,2,38,0,12060,12060,50100,1
1,6,5,5,0,5,0,0,0,53,2,51,0,-41880,-41880,8220,5
1,5,4,5,0,4,0,0,0,51,2,49,0,11140,11140,19360,4
1,4,3,5,0,3,0,0,0,47,2,45,0,18000,18000,37360,2
1,2,2,5,0,2,0,0,0,42,2,40,0,3350,3350,40710,2
1,2,1,5,0,1,0,0,0,40,2,38,0,10360,10360,51070,1
1,6,5,5,0,5,0,0,0,53,2,51,0,-42620,-42620,8450,5
1,5,4,5,0,4,0,0,0,51,2,49,0,10660,10660,19110,4
1,4,3,5,0,3,0,0,0,49,2,47,0,2990,2990,22100,4
1,4,2,5,0,2,0,0,0,47,2,45,0,16700,16700,38800,2
1,2,1,5,0,1,0,0,0,42,2,40,0,12010,12010,50810,1
1,6,5,5,0,5,0,0,0,53,2,51,0,-42830,-42830,7980,5
1,5,4,5,0,4,0,0,0,52,2,50,0,10050,10050,18030,4
1,4,3,5,0,3,0,0,0,50,2,48,0,9470,9470,27500,3
1,3,2,5,0,2,0,0,0,46,2,44,0,5400,5400,32900,3
1,3,1,5,0,1,0,0,0,42,2,40,0,6260,6260,39160,3
1,6,5,5,0,5,0,0,0,53,2,51,0,-30940,-30940,8220,5
1,5,4,5,0,4,0,0,0,51,2,49,0,9940,9940,18160,4
1,4,3,5,0,3,0,0,0,48,2,46,0,3930,3930,22090,4
1,4,2,5,0,2,0,0,0,45,2,43,0,16850,16850,38940,2
1,2,1,5,0,1,0,0,0,41,2,39,0,6040,6040,44980,2
1,5,5,5,0,5,0,0,0,56,2,52,0,8240,8240,8240,5
1,5,4,5,0,4,0,0,0,51,2,49,0,10370,10370,18610,4
1,4,3,5,0,3,0,0,0,48,2,46,0,4060,4060,22670,4
1,4,2,5,0,2,0,0,0,45,2,43,0,14770,14770,37440,2
1,2,1,5,0,1,0,0,0,43,2,41,0,11520,11520,48960,1
1,6,5,5,0,5,0,0,0,53,2,51,0,-41230,-41230,7730,5
1,5,4,5,0,4,0,0,0,52,2,50,0,10930,10930,18660,4
1,4,3,5,0,3,0,0,0,49,3,46,0,7570,7570,26230,4
1,4,2,5,0,2,0,0,0,42,2,40,0,4530,4530,30760,4
1,4,1,5,0,1,0,0,0,38,2,36,0,6620,6620,37380,3
1,6,5,5,0,5,0,0,0,53,2,51,0,-28980,-28980,8400,5
1,5,4,5,0,4,0,0,0,51,2,49,0,9920,9920,18320,4
1,4,3,5,0,3,0,0,0,48,2,46,0,3760,3760,22080,4
1,4,2,5,0,2,0,0,0,45,2,43,0,9090,9090,31170,3
1,3,1,5,0,1,0,0,0,42,2,40,0,5740,5740,36910,3
1,6,5,5,0,5,0,0,0,53,2,51,0,-29150,-29150,7760,5
1,5,4,5,0,4,0,0,0,52,2,50,0,10190,10190,17950,4
1,4,3,5,0,3,0,0,0,49,2,47,0,4960,4960,22910,4
1,4,2,5,0,2,0,0,0,47,2,45,0,9670,9670,32580,3
1,3,1,5,0,1,0,0,0,44,2,42,0,11030,11030,43610,2
1,6,5,5,0,5,0,0,0,53,2,51,0,-32390,-32390,11220,5
1,5,4,5,0,4,0,0,0,49,2,47,0,9020,9020,20240,4
1,4,4,5,0,3,0,0,1,46,2,44,0,4470,4470,24710,4
1,4,2,5,0,2,0,0,0,43,2,41,0,3590,3590,28300,4
1,4,1,5,0,1,0,0,0,41,2,39,0,12330,12330,40630,3
1,6,5,5,0,5,0,0,0,53,2,51,0,-32390,-32390,8240,5
1,5,4,5,0,4,0,0,0,51,2,49,0,11740,11740,19980,4
1,4,3,5,0,3,0,0,0,47,2,45,0,11810,11810,31790,3
1,3,2,5,0,2,0,0,0,42,2,40,0,4060,4060,35850,3
1,3,1,5,0,1,0,0,0,39,2,37,0,-1,-1,-1,1
1,6,5,5,0,5,0,0,0,53,2,51,0,10261,10261,10260,5
1,5,4,5,0,4,0,0,0,50,2,48,0,7760,7760,18020,4
1,4,3,5,0,3,0,0,0,49,2,47,0,3760,3760,21780,4
1,4,2,5,0,2,0,0,0,47,2,45,0,11460,11460,33240,3
1,3,1,5,0,1,0,0,0,42,2,40,0,4590,4590,37830,3
1,6,5,5,0,5,0,0,0,53,2,51,0,-29590,-29590,8240,5
1,5,4,5,0,4,0,0,0,51,2,49,0,10780,10780,19020,4
1,4,3,5,0,3,0,0,0,48,2,46,0,3680,3680,22700,4
1,4,2,5,0,2,0,0,0,47,2,45,0,14040,14040,36740,3
1,3,1,5,0,1,0,0,0,39,2,37,0,7920,7920,44660,2
1,6,5,5,0,5,0,0,0,53,2,51,0,-33550,-33550,11110,5
1,5,4,5,0,4,0,0,0,49,2,47,0,7760,7760,18870,4
1,4,3,5,0,3,0,0,0,48,2,46,0,4200,4200,23070,4
1,4,2,5,0,2,0,0,0,46,2,44,0,3270,3270,26340,4
1,4,1,5,0,1,0,0,0,44,2,42,0,2190,2190,28530,4
1,6,5,5,0,5,0,0,0,53,2,51,0,-19510,-19510,9020,5
1,5,4,5,0,4,0,0,0,52,2,50,0,9890,9890,18910,4
1,4,3,5,0,3,0,0,0,48,2,46,0,4770,4770,23680,4
1,4,2,5,0,2,0,0,0,46,2,44,0,9070,9070,32750,3
1,3,1,5,0,1,0,0,0,43,2,41,0,9390,9390,42140,2
1,6,5,5,0,5,0,0,0,53,2,51,0,-32370,-32370,9770,5
1,5,4,5,0,4,0,0,0,50,2,48,0,8480,8480,18250,4
1,4,3,5,0,3,0,0,0,48,2,46,0,3200,3200,21450,4
1,4,2,5,0,2,0,0,0,46,2,44,0,4540,4540,25990,4
1,4,1,5,0,1,0,0,0,43,2,41,0,13820,13820,39810,2
1,6,5,5,0,5,0,0,0,53,2,51,0,-28060,-28060,11750,5
1,5,4,5,0,4,0,0,0,49,2,47,0,8380,8380,20130,4
1,4,3,5,0,3,0,0,0,47,2,45,0,4030,4030,24160,4
1,4,2,5,0,2,0,0,0,45,2,43,0,3120,3120,27280,4
1,4,1,5,0,1,0,0,0,43,2,41,0,8690,8690,35970,4
1,6,5,5,0,5,0,0,0,53,2,51,0,-27770,-27770,8200,5
1,5,4,5,0,4,0,0,0,51,2,49,0,10230,10230,18430,4
1,4,3,5,0,3,0,0,0,48,2,46,0,3140,3140,21570,3
1,4,2,5,0,2,0,0,0,46,2,44,0,5130,5130,26700,4
1,4,1,5,0,1,0,0,0,44,2,42,0,13080,13080,39780,2
1,6,5,5,0,5,0,0,0,53,2,51,0,-31520,-31520,8260,5
1,5,4,5,0,4,0,0,0,51,2,49,0,10280,10280,18540,4
1,4,3,5,0,3,0,0,0,49,2,47,0,3980,3980,22520,4
1,4,2,5,0,2,0,0,0,46,2,44,0,17970,17970,40490,2
1,2,1,5,0,1,0,0,0,41,2,39,0,11190,11190,51680,1
1,6,5,5,0,5,0,0,0,53,2,51,0,-43280,-43280,8400,5
1,5,4,5,0,4,0,0,0,51,2,49,0,10250,10250,18650,4
1,4,3,5,0,3,0,0,0,49,2,47,0,4150,4150,22800,4
1,4,2,5,0,2,0,0,0,47,2,45,0,10390,10390,33190,4
1,4,1,5,0,1,0,0,0,42,2,40,0,10420,10420,43610,2
1,6,5,5,0,5,0,0,0,53,2,51,0,-33180,-33180,10430,5
1,5,4,5,0,4,0,0,0,50,2,48,0,9230,9230,19660,4
1,4,3,5,0,3,0,0,0,48,2,46,0,5610,5610,25270,4
1,5,2,5,0,2,0,0,0,43,2,41,0,13900,13900,39170,2
1,2,1,5,0,1,0,0,0,41,2,39,0,11150,11150,50320,1
1,6,5,5,0,5,0,0,0,53,2,51,0,-41920,-41920,8400,5
1,5,4,5,0,4,0,0,0,51,2,49,0,10250,10250,18650,4
1,4,3,5,0,3,0,0,0,49,2,47,0,5980,5980,24630,4
1,4,2,5,0,2,0,0,0,45,2,43,0,5620,5620,30250,4
1,4,1,5,0,1,0,0,0,40,2,38,0,13630,13630,43880,2
1,6,5,5,0,5,0,0,0,53,2,51,0,-35710,-35710,8170,5
1,5,4,5,0,4,0,0,0,51,2,49,0,12150,12150,20320,4
1,4,3,5,0,3,0,0,0,46,2,44,0,9930,9930,30250,4
1,4,2,5,0,2,0,0,0,42,2,40,0,3740,3740,33990,4
1,4,1,5,0,1,0,0,0,39,2,37,0,1840,1840,35830,4
1,6,5,5,0,5,0,0,0,53,2,51,0,-27590,-27590,8240,5
1,5,4,5,0,4,0,0,0,51,2,49,0,9910,9910,18150,4
1,4,3,5,0,3,0,0,0,48,2,46,0,3980,3980,22130,4
1,4,2,5,0,2,0,0,0,46,2,44,0,15100,15100,37230,2
1,2,1,5,0,1,0,0,0,42,2,40,0,-1,-1,-1,1
1,6,5,5,0,5,0,0,0,53,2,51,0,5021,5021,5020,6
1,6,4,5,0,4,0,0,0,50,2,48,0,3490,3490,8510,6
1,6,3,5,0,3,0,0,0,46,1,45,0,10870,10870,19380,5
1,5,2,5,0,2,0,0,0,42,1,41,0,1750,1750,21130,5
1,5,1,5,0,1,0,0,0,40,0,40,0,8200,8200,29330,4
1,6,5,5,0,5,0,0,0,53,2,51,0,-21130,-21130,8200,5
1,5,4,5,0,4,0,0,0,51,2,49,0,10270,10270,18470,4
1,4,3,5,0,3,0,0,0,48,2,46,0,15030,15030,33500,2
1,2,2,5,0,2,0,0,0,44,2,42,0,4820,4820,38320,2
1,2,1,5,0,1,0,0,0,41,2,39,0,11730,11730,50050,1
1,6,5,5,0,5,0,0,0,53,2,51,0,-41360,-41360,8690,5
1,5,4,5,0,4,0,0,0,51,2,49,0,15610,15610,24300,3
1,3,3,5,0,3,0,0,0,47,2,45,0,3810,3810,28110,3
1,3,2,5,0,2,0,0,0,44,2,42,0,9170,9170,37280,2
1,2,1,5,0,1,0,0,0,41,2,39,0,4970,4970,42250,2
1,6,5,5,0,5,0,0,0,53,2,51,0,-34030,-34030,8220,5
1,5,4,5,0,4,0,0,0,51,2,49,0,8550,8550,16770,4
1,4,3,5,0,3,0,0,0,49,2,47,0,3810,3810,20580,4
1,4,2,5,0,2,0,0,0,46,2,44,0,15520,15520,36100,2
1,2,1,5,0,1,0,0,0,42,2,40,0,3270,3270,39370,2
1,6,5,5,0,5,0,0,0,53,2,51,0,-31310,-31310,8060,5
1,5,4,5,0,4,0,0,0,51,2,49,0,11110,11110,19170,5
1,4,3,5,0,3,0,0,0,49,2,47,0,12990,12990,32160,3
1,3,2,5,0,2,0,0,0,41,2,39,0,3690,3690,35850,3
1,3,1,5,0,1,0,0,0,38,2,36,0,9130,9130,44980,2
1,6,5,5,0,5,0,0,0,53,2,51,0,-36800,-36800,8180,5
1,5,4,5,0,4,0,0,0,51,2,49,0,8770,8770,16950,4
1,4,3,5,0,3,0,0,0,50,2,48,0,4330,4330,21280,4
1,4,2,5,0,2,0,0,0,47,2,45,0,9980,9980,31260,3
1,3,1,5,0,1,0,0,0,42,2,40,0,8760,8760,40020,2
1,6,5,5,0,5,0,0,0,53,2,51,0,-31330,-31330,8690,5
1,5,4,5,0,4,0,0,0,51,2,49,0,15830,15830,24520,3
1,3,3,5,0,3,0,0,0,47,2,45,0,3810,3810,28330,3
1,3,2,5,0,2,0,0,0,44,2,42,0,9500,9500,37830,2
1,2,1,5,0,1,0,0,0,41,2,39,0,6190,6190,44020,2
1,6,5,5,0,5,0,0,0,53,2,51,0,-35020,-35020,9000,5
1,5,4,5,0,4,0,0,0,52,2,50,0,10190,10190,19190,4
1,4,3,5,0,3,0,0,0,50,2,48,0,13930,13930,33120,2
1,2,2,5,0,2,0,0,0,47,2,45,0,4200,4200,37320,2
1,2,1,5,0,1,0,0,0,45,2,43,0,4260,4260,41580,2
1,6,5,5,0,5,0,0,0,53,2,51,0,-32440,-32440,9140,5
1,5,4,5,0,4,0,0,0,51,2,49,0,11570,11570,20710,4
1,4,3,5,0,3,0,0,0,47,2,45,0,12060,12060,32770,3
1,3,2,5,0,2,0,0,0,41,2,39,0,7010,7010,39780,3
1,3,1,5,0,1,0,0,0,34,2,32,0,10430,10430,50210,2
1,6,5,5,0,5,0,0,0,53,2,51,0,-41070,-41070,9140,5
1,5,4,5,0,4,0,0,0,50,2,48,0,11120,11120,20260,4
1,4,3,5,0,3,0,0,0,48,2,46,0,14210,14210,34470,3
1,3,2,5,0,2,0,0,0,42,2,40,0,5010,5010,39480,3
1,2,1,5,0,1,0,0,0,40,2,37,1,14390,14390,53870,1
1,6,5,5,0,5,0,0,0,53,2,51,0,-45470,-45470,8400,5
1,5,4,5,0,4,0,0,0,51,2,49,0,10780,10780,19180,4
1,4,3,5,0,3,0,0,0,49,2,47,0,5310,5310,24490,4
1,4,2,5,0,2,0,0,0,43,2,41,0,2760,2760,27250,4
1,4,1,5,0,1,0,0,0,42,2,40,0,7760,7760,35010,3
1,6,5,5,0,5,0,0,0,53,2,51,0,-26650,-26650,8360,5
1,5,4,5,0,4,0,0,0,51,2,49,0,3020,3020,11380,5
1,5,3,5,0,3,0,0,0,49,2,47,0,10410,10410,21790,4
1,4,2,5,0,2,0,0,0,46,2,44,0,12730,12730,34520,3
1,3,1,5,0,1,0,0,0,40,2,38,0,5940,5940,40460,3
1,6,5,5,0,5,0,0,0,53,2,51,0,-32260,-32260,8200,5
1,5,4,5,0,4,0,0,0,51,2,49,0,8410,8410,16610,4
1,4,3,5,0,3,0,0,0,49,2,47,0,15700,15700,32310,2
1,2,2,5,0,2,0,0,0,45,2,43,0,3490,3490,35800,2
1,2,1,5,0,1,0,0,0,43,2,41,0,8540,8540,44340,2
1,6,5,5,0,5,0,0,0,53,2,51,0,-36140,-36140,8200,5
1,5,4,5,0,4,0,0,0,51,2,49,0,20730,20730,28930,2
1,2,3,5,0,3,0,0,0,49,2,47,0,4870,4870,33800,2
1,2,2,5,0,2,0,0,0,44,2,42,0,7390,7390,41190,2
1,2,1,5,0,1,0,0,0,38,2,36,0,3310,3310,44500,2
1,6,5,5,0,5,0,0,0,53,2,51,0,-33390,-33390,11110,5
1,5,4,5,0,4,0,0,0,49,2,47,0,8930,8930,20040,4
1,4,3,5,0,3,0,0,0,47,2,45,0,3520,3520,23560,4
1,4,2,5,0,2,0,0,0,45,2,43,0,9840,9840,33400,3
1,3,1,5,0,1,0,0,0,42,2,40,0,8690,8690,42090,2
1,6,5,5,0,5,0,0,0,53,2,51,0,-34110,-34110,7980,5
1,5,4,5,0,4,0,0,0,52,2,50,0,8530,8530,16510,4
1,4,3,5,0,3,0,0,0,50,2,48,0,11550,11550,28060,3
1,3,2,5,0,2,0,0,0,46,2,44,0,5410,5410,33470,3
1,3,1,5,0,1,0,0,0,42,2,40,0,12990,12990,46460,2
1,6,5,5,0,5,0,0,0,53,2,51,0,-35490,-35490,10970,5
1,5,4,5,0,4,0,0,0,51,2,49,0,8990,8990,19960,4
1,4,3,5,0,3,0,0,0,49,2,47,0,4370,4370,24330,4
1,4,2,5,0,2,0,0,0,46,2,44,0,12860,12860,37190,3
1,3,1,5,0,1,0,0,0,38,2,36,0,16420,16420,53610,1
1,6,5,5,0,5,0,0,0,53,2,51,0,-45410,-45410,8200,5
1,5,4,5,0,4,0,0,0,51,2,49,0,9790,9790,17990,4
1,4,3,5,0,3,0,0,0,48,2,46,0,4210,4210,22200,4
1,4,2,5,0,2,0,0,0,47,2,45,0,15990,15990,38190,2
1,2,1,5,0,1,0,0,0,41,2,39,0,11690,11690,49880,1
1,6,5,5,0,5,0,0,0,53,2,51,0,-41680,-41680,8200,5
1,5,4,5,0,4,0,0,0,51,2,49,0,10690,10690,18890,4
1,4,3,5,0,3,0,0,0,47,2,45,0,3420,3420,22310,4
1,4,2,5,0,2,0,0,0,45,2,43,0,13730,13730,36040,2
1,2,1,5,0,1,0,0,0,43,2,41,0,5260,5260,41300,2
1,6,5,5,0,5,0,0,0,53,2,51,0,-33100,-33100,8200,5
1,5,4,5,0,4,0,0,0,51,2,49,0,8690,8690,16890,4
1,4,3,5,0,3,0,0,0,49,2,47,0,3830,3830,20720,4
1,4,2,5,0,2,0,0,0,47,2,45,0,5190,5190,25910,4
1,4,1,5,0,1,0,0,0,44,2,42,0,12530,12530,38440,3
1,6,5,5,0,5,0,0,0,53,2,51,0,-29920,-29920,8520,5
1,5,4,5,0,4,0,0,0,51,2,49,0,11040,11040,19560,4
1,4,3,5,0,3,0,0,0,47,2,45,0,2960,2960,22520,4
1,4,2,5,0,2,0,0,0,45,2,43,0,3760,3760,26280,4
1,4,1,5,0,1,0,0,0,42,2,40,0,16290,16290,42570,2
1,6,5,5,0,5,0,0,0,53,2,51,0,-33430,-33430,9140,5
1,5,4,5,0,4,0,0,0,51,2,49,0,11500,11500,20640,4
1,4,3,5,0,3,0,0,0,48,2,46,0,10620,10620,31260,3
1,3,2,5,0,2,0,0,0,44,2,42,0,5430,5430,36690,3
1,3,1,5,0,1,0,0,0,39,2,37,0,4610,4610,41300,3
1,6,5,5,0,5,0,0,0,53,2,51,0,-32780,-32780,8520,5
1,5,4,5,0,4,0,0,0,51,2,49,0,10770,10770,19290,4
1,4,3,5,0,3,0,0,0,49,2,47,0,3470,3470,22760,4
1,4,2,5,0,2,0,0,0,47,2,45,0,4860,4860,27620,4
1,4,1,5,0,1,0,0,0,43,2,41,0,3780,3780,31400,4
1,6,5,5,0,5,0,0,0,53,2,51,0,-20650,-20650,10750,5
1,5,4,5,0,4,0,0,0,51,2,49,0,9230,9230,19980,4
1,4,3,5,0,3,0,0,0,48,2,46,0,4450,4450,24430,4
1,4,2,5,0,2,0,0,0,45,2,43,0,13450,13450,37880,2
1,2,1,5,0,1,0,0,0,43,2,41,0,7100,7100,44980,2
1,6,5,5,0,5,0,0,0,53,2,51,0,-36460,-36460,8520,5
1,5,4,5,0,4,0,0,0,51,2,49,0,10270,10270,18790,4
1,4,3,5,0,3,0,0,0,48,2,46,0,4920,4920,23710,4
1,4,2,5,0,2,0,0,0,45,2,43,0,10490,10490,34200,3
1,3,1,5,0,1,0,0,0,42,2,40,0,11170,11170,45370,3
1,6,5,5,0,5,0,0,0,53,2,51,0,-36970,-36970,8400,5
1,5,4,5,0,4,0,0,0,51,2,49,0,10250,10250,18650,4
1,4,3,5,0,3,0,0,0,49,2,47,0,5980,5980,24630,4
1,4,2,5,0,2,0,0,0,45,2,43,0,13620,13620,38250,2
1,2,1,5,0,1,0,0,0,44,2,42,0,13340,13340,51590,1
1,6,5,5,0,5,0,0,0,53,2,51,0,-41330,-41330,10260,5
1,5,4,5,0,4,0,0,0,50,2,48,0,9230,9230,19490,4
1,4,3,5,0,3,0,0,0,48,2,46,0,4430,4430,23920,4
1,5,2,5,0,2,0,0,0,44,2,42,0,10520,10520,34440,3
1,3,1,5,0,1,0,0,0,40,2,38,0,4390,4390,38830,3
1,6,5,5,0,5,0,0,0,53,2,51,0,-28570,-28570,10260,5
1,5,4,5,0,4,0,0,0,50,2,48,0,8240,8240,18500,4
1,4,3,5,0,3,0,0,0,48,2,46,0,6310,6310,24810,4
1,4,2,5,0,2,0,0,0,43,2,41,0,7040,7040,31850,3
1,3,1,5,0,1,0,0,0,41,2,39,0,4880,4880,36730,3
1,6,5,5,0,5,0,0,0,53,2,51,0,-26360,-26360,10370,5
1,5,4,5,0,4,0,0,0,50,2,48,0,9230,9230,19600,4
1,4,3,5,0,3,0,0,0,47,2,45,0,4960,4960,24560,4
1,4,2,5,0,2,0,0,0,44,2,42,0,17470,17470,42030,2
1,2,1,5,0,1,0,0,0,40,2,38,0,4150,4150,46180,2
1,6,5,5,0,5,0,0,0,53,2,51,0,-38200,-38200,7980,5
1,5,4,5,0,4,0,0,0,52,2,50,0,10590,10590,18570,4
1,4,3,5,0,3,0,0,0,49,2,47,0,3430,3430,22000,4
1,4,2,5,0,2,0,0,0,47,2,45,0,7890,7890,29890,3
1,3,1,5,0,1,0,0,0,45,2,43,0,5840,5840,35730,3
1,6,2,5,0,5,0,0,0,53,2,51,0,8480,8480,8480,5
1,5,1,5,0,1,0,0,0,51,2,49,0,8680,8680,17160,4
1,6,2,5,0,5,0,0,0,53,2,51,0,-8960,-8960,8200,4
1,4,1,5,0,1,0,0,0,51,2,49,0,10680,10680,18880,4
1,6,2,5,0,3,0,0,0,53,2,51,0,-9870,-9870,9010,5
1,5,1,5,0,1,0,0,0,52,2,50,0,10950,10950,19960,4
1,6,2,5,0,2,0,0,0,53,2,51,0,-11720,-11720,8240,5
1,5,1,5,0,1,0,0,0,51,2,49,0,10350,10350,18590,4
1,6,2,5,0,5,0,0,0,53,2,51,0,-9930,-9930,8660,4
1,4,1,5,0,1,0,0,0,52,2,50,0,9650,9650,18310,4
1,6,3,5,0,5,0,0,0,53,2,51,0,8550,8550,8550,5
1,5,2,5,0,2,0,0,0,51,2,49,0,10830,10830,19380,4
1,4,1,5,0,1,0,0,0,47,2,45,0,3870,3870,23250,4
1,6,3,5,0,5,0,0,0,53,2,51,0,-15050,-15050,8200,5
1,5,2,5,0,2,0,0,0,51,2,49,0,10350,10350,18550,4
1,4,1,5,0,1,0,0,0,49,2,47,0,12470,12470,31020,3
1,6,3,5,0,3,0,0,0,53,2,51,0,10470,10470,10470,5
1,5,2,5,0,2,0,0,0,50,2,48,0,8990,8990,19460,4
1,4,1,5,0,1,0,0,0,48,2,46,0,4150,4150,23610,4
1,6,3,5,0,5,0,0,0,53,2,51,0,-15500,-15500,8110,5
1,5,2,5,0,2,0,0,0,51,2,49,0,9050,9050,17160,4
1,4,1,5,0,1,0,0,0,49,2,47,0,16260,16260,33420,2
1,6,3,5,0,3,0,0,0,53,2,51,0,-22600,-22600,10820,5
1,5,2,5,0,2,0,0,0,50,2,48,0,8990,8990,19810,4
1,4,1,5,0,1,0,0,0,48,2,46,0,11110,11110,30920,4
1,6,1,5,0,5,0,0,0,53,2,51,0,7780,7780,7780,5
1,6,1,5,0,5,0,0,0,53,2,51,0,-11390,-11390,8200,5
1,6,1,5,0,4,0,0,0,53,2,51,0,-420,-420,7780,5
1,6,1,5,0,1,0,0,0,53,2,51,0,2560,2560,10340,5
1,6,1,0,0,3,0,0,0,53,2,51,0,-2240,-2240,8100,5
1,6,1,5,0,1,0,0,0,53,2,51,0,160,160,8260,5
1,6,5,5,0,5,0,0,0,53,2,51,0,8240,8240,8240,5
1,5,4,5,0,4,0,0,0,51,2,49,0,11290,11290,19530,4
1,4,3,5,0,3,0,0,0,47,2,45,0,11950,11950,31480,3
1,4,2,5,0,2,0,0,0,42,2,40,0,3390,3390,34870,3
1,3,1,5,0,1,0,0,0,40,2,38,0,9420,9420,44290,2
1,6,5,5,0,5,0,0,0,53,2,51,0,-36510,-36510,7780,5
1,5,4,5,0,4,0,0,0,52,2,50,0,10530,10530,18310,4
1,4,3,5,0,3,0,0,0,49,2,47,0,3190,3190,21500,4
1,4,2,5,0,2,0,0,0,47,2,45,0,4560,4560,26060,4
1,4,1,5,0,1,0,0,0,44,2,42,0,15730,15730,41790,2
1,6,5,5,0,5,0,0,0,53,2,51,0,-32730,-32730,9060,5
1,5,4,5,0,4,0,0,0,52,2,50,0,10790,10790,19850,4
1,4,3,5,0,3,0,0,0,49,2,47,0,5100,5100,24950,4
1,4,2,5,0,2,0,0,0,44,2,42,0,9990,9990,34940,3
1,3,1,5,0,1,0,0,0,41,2,39,0,10300,10300,45240,2
1,6,5,5,0,5,0,0,0,53,2,51,0,-37040,-37040,8200,5
1,5,4,5,0,4,0,0,0,51,2,49,0,10330,10330,18530,4
1,4,3,5,0,3,0,0,0,49,2,47,0,10360,10360,28890,3
1,3,2,5,0,2,0,0,0,45,2,43,0,11610,11610,40500,2
1,2,1,5,0,1,0,0,0,41,2,39,0,4640,4640,45140,2
1,6,5,5,0,5,0,0,0,53,2,51,0,-37360,-37360,7780,5
1,5,4,5,0,4,0,0,0,52,2,50,0,10010,10010,17790,4
1,4,3,5,0,3,0,0,0,49,2,47,0,3840,3840,21630,4
1,4,2,5,0,2,0,0,0,47,2,45,0,10130,10130,31760,3
1,3,1,5,0,1,0,0,0,43,2,41,0,3820,3820,35580,3
1,6,5,5,0,5,0,0,0,53,2,51,0,-26620,-26620,8960,5
1,5,4,5,0,4,0,0,2,51,2,49,0,9440,9440,18400,4
1,4,3,5,0,3,0,0,0,48,2,46,0,5550,5550,23950,4
1,4,2,5,0,2,0,0,0,43,2,41,0,9430,9430,33380,3
1,3,1,5,0,1,0,0,0,40,2,38,0,4480,4480,37860,3
1,6,5,5,0,5,0,0,0,53,2,51,0,-29660,-29660,8200,5
1,5,4,5,0,4,0,0,0,51,2,49,0,10680,10680,18880,4
1,4,3,5,0,3,0,0,0,47,2,45,0,3420,3420,22300,4
1,4,2,5,0,2,0,0,0,45,2,43,0,3640,3640,25940,4
1,5,1,5,0,1,0,0,0,43,2,41,0,10790,10790,36730,3
1,6,5,5,0,5,0,0,0,53,2,51,0,-28530,-28530,8200,5
1,5,4,5,0,4,0,0,0,51,2,49,0,10820,10820,19020,4
1,4,3,5,0,3,0,0,0,48,2,46,0,5080,5080,24100,4
1,4,2,5,0,2,0,0,0,45,2,43,0,2640,2640,26740,4
1,4,1,5,0,1,0,0,0,43,2,41,0,11530,11530,38270,3
1,6,5,5,0,5,0,0,0,53,2,51,0,-30070,-30070,8200,5
1,5,4,5,0,4,0,0,0,51,2,49,0,10340,10340,18540,4
1,4,3,5,0,3,0,0,0,48,2,46,0,17070,17070,35610,2
1,2,2,5,0,2,0,0,0,44,2,42,0,12810,12810,48420,1
1,1,1,5,0,1,0,0,0,38,2,36,0,4440,4440,52860,1
1,6,5,5,0,5,0,0,0,53,2,51,0,-43800,-43800,9060,5
1,5,4,5,0,4,0,0,0,52,2,50,0,10740,10740,19800,4
1,4,3,5,0,3,0,0,0,47,2,45,0,4400,4400,24200,4
1,4,2,5,0,2,0,0,0,43,2,41,0,13010,13010,37210,2
1,2,1,5,0,1,0,0,0,41,2,39,0,5380,5380,42590,2
1,6,5,5,0,5,0,0,0,53,2,51,0,-34810,-34810,7780,5
1,5,4,5,0,4,0,0,0,52,2,50,0,10340,10340,18120,4
1,4,3,5,0,3,0,0,0,50,2,48,0,10550,10550,28670,3
1,3,2,5,0,2,0,0,0,48,2,46,0,3750,3750,32420,3
1,3,1,5,0,1,0,0,0,44,2,42,0,5760,5760,38180,3
1,6,5,5,0,5,0,0,0,53,2,51,0,-29040,-29040,9140,5
1,5,4,5,0,4,0,0,0,51,2,49,0,9340,9340,18480,4
1,4,3,5,0,3,0,0,0,48,2,46,0,5430,5430,23910,4
1,4,2,5,0,2,0,0,0,44,2,42,0,5680,5680,29590,4
1,4,1,5,0,1,0,0,0,39,2,37,0,15140,15140,44730,2
1,6,5,5,0,5,0,0,0,53,2,51,0,-36560,-36560,8170,5
1,5,4,5,0,4,0,0,0,51,2,49,0,9920,9920,18090,4
1,4,3,5,0,3,0,0,0,48,2,46,0,4180,4180,22270,4
1,3,2,5,0,2,0,0,0,46,2,44,0,13610,13610,35880,2
1,2,1,5,0,1,0,0,0,43,2,41,0,10530,10530,46410,1
1,6,5,5,0,5,0,0,0,53,2,51,0,8361,8361,8360,5
1,5,4,5,0,4,0,0,0,51,2,49,0,10930,10930,19290,4
1,4,3,5,0,3,0,0,0,49,2,47,0,3450,3450,22740,4
1,4,2,5,0,2,0,0,0,48,2,46,0,16400,16400,39140,2
1,2,1,5,0,1,0,0,0,43,2,41,0,9890,9890,49030,1
1,6,5,5,0,5,0,0,0,53,2,51,0,-39100,-39100,9930,5
1,5,4,5,0,4,0,0,0,50,2,48,0,7930,7930,17860,4
1,4,3,5,0,3,0,0,0,48,2,46,0,4550,4550,22410,4
1,4,2,5,0,2,0,0,0,44,2,42,0,9960,9960,32370,3
1,3,1,5,0,1,0,0,0,40,2,38,0,8450,8450,40820,2
1,5,3,5,0,3,0,0,0,48,2,46,0,8690,8690,24140,5
1,3,1,5,0,1,0,0,0,41,2,39,0,5590,5590,40340,3
1,6,5,5,0,5,0,0,0,56,2,52,0,7980,7980,7980,5
1,6,5,5,0,5,0,0,0,53,2,51,0,8100,8100,8100,5
1,5,4,5,0,4,0,0,0,51,2,49,0,10000,10000,18100,4
1,6,5,5,0,5,0,0,0,53,2,51,0,8220,8220,8220,5
1,5,4,5,0,4,0,0,0,51,2,49,0,10000,10000,18220,4
1,4,3,5,0,3,0,0,0,48,2,46,0,3970,3970,22190,4
1,4,2,5,0,2,0,0,0,45,2,43,0,15830,15830,38020,2
1,2,1,5,0,1,0,0,0,42,2,40,0,9640,9640,47660,1
1,6,5,5,0,5,0,0,0,53,2,51,0,8220,8220,8220,5
1,5,4,5,0,4,0,0,0,51,2,49,0,10820,10820,19040,4
1,4,3,5,0,3,0,0,0,48,2,46,0,3420,3420,22460,4
1,4,2,5,0,2,0,0,0,46,2,44,0,7850,7850,30310,3
1,6,5,5,0,5,0,0,0,56,2,52,0,8200,8200,8200,5
1,6,5,5,0,5,0,0,0,53,2,51,0,10820,10820,10820,5
1,5,4,5,0,4,0,0,0,50,2,48,0,8470,8470,19290,4
1,4,3,5,0,3,0,0,0,48,2,46,0,3630,3630,22920,4
1,4,2,5,0,2,0,0,0,47,2,45,0,15120,15120,38040,2
1,2,1,5,0,1,0,0,0,43,2,41,0,7000,7000,45040,2
1,6,4,5,0,4,0,0,0,53,2,51,0,11240,11240,11240,5
1,5,3,5,0,3,0,0,0,49,2,47,0,8090,8090,19330,4
1,4,1,5,0,1,0,0,0,44,2,42,0,6550,6550,29930,4
1,5,4,5,0,4,0,0,0,50,2,48,0,8470,8470,18730,4
1,4,3,5,0,3,0,0,0,48,2,46,0,5040,5040,23770,4
1,4,2,5,0,2,0,0,0,45,2,43,0,4740,4740,28510,4
1,5,4,5,0,4,0,0,0,51,2,49,0,8300,8300,16940,4
1,4,3,5,0,3,0,0,0,49,2,47,0,4890,4890,21830,4
1,4,2,5,0,2,0,0,0,47,2,45,0,5410,5410,27240,4
1,6,4,5,0,4,0,0,0,51,2,49,0,12880,12880,15750,4
1,4,1,5,0,1,0,0,0,42,2,40,0,16010,16010,42330,2
1,5,3,5,0,3,0,0,0,48,2,46,0,11000,11000,24950,4
1,4,2,5,0,2,0,0,0,44,2,42,0,3830,3830,28780,4
1,6,5,5,0,5,0,0,0,53,2,51,0,-32200,-32200,10200,5
1,5,4,5,0,4,0,0,0,50,2,48,0,8240,8240,18440,4
1,4,3,5,0,3,0,0,0,48,2,46,0,5090,5090,23530,4
1,4,1,5,0,1,0,0,0,43,2,41,0,12700,12700,39470,3
1,4,3,5,0,3,0,0,0,49,2,47,0,4750,4750,21660,4
1,4,2,5,0,2,0,0,0,46,2,44,0,9400,9400,31060,3
1,5,4,5,0,4,0,0,0,51,2,49,0,5250,5250,14390,5
1,5,3,5,0,3,0,0,0,46,2,44,0,15680,15680,30070,3
1,3,1,5,0,1,0,0,0,39,2,37,0,3750,3750,37670,3
1,6,5,5,0,5,0,0,0,53,2,51,0,-28690,-28690,8980,5
1,5,4,5,0,4,0,0,2,51,2,49,0,10820,10820,19800,4
1,4,3,5,0,3,0,0,0,47,2,45,0,10340,10340,30140,3
1,3,1,5,0,1,0,0,0,39,2,37,0,13300,13300,47960,1
1,5,4,5,0,4,0,0,0,52,2,50,0,10750,10750,18480,4
1,4,3,5,0,3,0,0,0,50,2,48,0,3880,3880,22360,4
1,4,2,5,0,2,0,0,0,48,2,46,0,15520,15520,37880,2
1,6,5,5,0,5,0,0,0,53,2,51,0,-35770,-35770,7730,5
1,5,4,5,0,4,0,0,0,52,2,50,0,11200,11200,18930,4
1,4,3,5,0,3,0,0,0,48,2,46,0,4280,4280,23210,4
1,4,2,5,0,2,0,0,0,45,2,43,0,5060,5060,28270,4
1,5,1,5,0,1,0,0,0,41,2,39,0,13110,13110,41380,2
1,5,3,5,0,3,0,0,0,50,2,48,0,7940,7940,19070,4
1,4,2,5,0,2,0,0,0,48,2,46,0,4150,4150,23220,4
1,5,3,5,0,3,0,0,0,45,2,43,0,20230,20230,35110,2
1,2,1,5,0,1,0,0,0,41,2,39,0,3800,3800,42060,2
1,5,4,5,0,4,0,0,0,52,2,50,0,8240,8240,16460,4
1,4,3,5,0,3,0,0,0,50,2,48,0,3970,3970,20430,4
1,4,2,5,0,2,0,0,0,48,2,46,0,13560,13560,33990,2
1,6,5,5,0,5,0,0,0,53,2,51,0,-30500,-30500,8170,5
1,5,4,5,0,4,0,0,0,51,2,49,0,10760,10760,18930,4
1,4,2,5,0,2,0,0,0,47,2,45,0,13070,13070,35930,3
1,2,1,5,0,1,0,0,0,40,2,38,0,7600,7600,48080,1
1,6,5,5,0,5,0,0,0,53,2,51,0,-39840,-39840,8240,5
1,4,2,5,0,2,0,0,0,45,2,43,0,12770,12770,35710,3
1,6,5,5,0,5,0,0,0,53,2,51,0,-33370,-33370,8240,5
1,4,3,5,0,3,0,0,0,48,2,46,0,5170,5170,23330,4
1,4,1,5,0,1,0,0,0,42,2,40,0,9560,9560,36100,3
1,5,4,5,0,4,0,0,0,50,2,48,0,12180,12180,16400,4
1,4,3,5,0,3,0,0,0,49,2,47,0,3710,3710,20110,4
1,4,2,5,0,2,0,0,0,46,2,44,0,16390,16390,36500,2
1,6,5,5,0,5,0,0,0,53,2,51,0,-29190,-29190,11370,5
1,4,3,5,0,3,0,0,0,44,3,41,0,6890,6890,32970,3
1,6,4,5,0,4,0,0,0,50,2,48,0,9820,9820,15390,5
1,5,3,5,0,3,0,0,0,45,1,44,0,8680,8680,24070,4
1,4,2,5,0,2,0,0,0,44,1,43,0,9980,9980,34050,3
1,5,4,5,0,4,0,0,0,51,2,49,0,8320,8320,17710,4
1,4,2,5,0,2,0,0,0,48,2,46,0,5580,5580,26730,4
1,4,1,5,0,1,0,0,0,44,2,42,0,5680,5680,32410,4
1,4,1,5,0,1,0,0,0,38,2,36,0,7280,7280,39160,3
1,5,3,5,0,3,0,0,0,49,2,47,0,8710,8710,20530,4
1,5,4,5,0,4,0,0,0,50,2,48,0,8290,8290,19890,4
1,4,3,5,0,3,0,0,0,49,3,46,0,4230,4230,24120,4
1,4,2,5,0,2,0,0,0,46,2,44,0,14390,14390,38510,2
1,2,1,5,0,1,0,0,0,43,2,41,0,12080,12080,50590,1
1,6,5,5,0,5,0,0,0,53,2,51,0,8200,8200,8200,5
1,5,4,5,0,4,0,0,0,51,2,49,0,10010,10010,18210,4
1,6,5,5,0,5,0,0,0,53,2,51,0,-24860,-24860,8200,5
1,5,4,5,0,4,0,0,0,51,2,49,0,10190,10190,18390,4
1,5,4,5,0,4,0,0,0,51,2,49,0,9230,9230,17750,4
1,3,1,5,0,1,0,0,0,42,2,40,0,13350,13350,46770,2
1,6,5,5,0,5,0,0,0,53,2,51,0,-38320,-38320,8450,5
1,5,4,5,0,4,0,0,0,51,2,49,0,10130,10130,18580,4
1,4,3,5,0,3,0,0,0,48,2,46,0,3110,3110,21690,4
1,4,2,5,0,2,0,0,0,46,2,44,0,13700,13700,35390,2
1,5,4,5,0,4,0,0,0,50,2,48,0,8550,8550,19300,4
1,4,3,5,0,3,0,0,0,48,2,46,0,3470,3470,22770,4
1,4,2,5,0,2,0,0,0,47,2,45,0,8170,8170,30940,3
1,5,4,5,0,4,0,0,0,52,2,50,0,10670,10670,18650,4
1,2,1,5,0,1,0,0,0,40,2,38,0,11090,11090,51440,1
1,5,4,5,0,4,0,0,0,52,2,50,0,10460,10460,19160,4
1,5,3,5,0,3,0,0,0,45,2,43,0,9020,9020,26090,4
1,6,5,5,0,5,0,0,0,53,2,51,0,8171,8171,8170,5
1,5,4,5,0,4,0,0,0,51,2,49,0,10690,10690,18860,4
1,4,3,5,0,3,0,0,0,47,2,45,0,13760,13760,32620,3
1,3,2,5,0,2,0,0,0,41,2,39,0,5810,5810,38430,3
1,6,5,5,0,5,0,0,0,53,2,51,0,-46120,-46120,7730,5
1,5,4,5,0,4,0,0,0,52,2,50,0,10530,10530,18260,4
1,4,3,5,0,3,0,0,0,49,2,47,0,4870,4870,23130,4
1,6,4,5,0,4,0,0,0,50,2,48,0,8290,8290,12270,5
1,5,2,5,0,2,0,0,0,45,2,43,0,14050,14050,36240,2
1,2,1,5,0,1,0,0,0,43,2,41,0,3730,3730,39970,2
1,6,5,5,0,5,0,0,0,53,2,51,0,-31450,-31450,8520,5
1,4,3,5,0,3,0,0,0,49,2,47,0,16250,16250,33100,2
1,2,2,5,0,2,0,0,0,45,2,43,0,2840,2840,35940,2
1,2,1,5,0,1,0,0,0,43,2,41,0,3740,3740,39680,2
1,4,2,5,0,2,0,0,0,41,2,39,0,6930,6930,32830,3
1,6,4,5,0,4,0,0,0,50,2,48,0,13360,13360,17580,4
1,5,4,5,0,4,0,0,0,51,2,49,0,8560,8560,16960,4
1,4,3,5,0,3,0,0,0,49,2,47,0,3900,3900,20860,4
1,2,1,5,0,1,0,0,0,44,2,42,0,3540,3540,39320,2
1,6,5,5,0,5,0,0,0,53,2,51,0,-30920,-30920,8400,5
1,5,4,5,0,4,0,0,0,51,2,49,0,8440,8440,16840,4
1,4,2,5,0,2,0,0,0,48,2,46,0,3580,3580,24100,4
1,6,5,5,0,5,0,0,0,53,2,51,0,-25670,-25670,9140,5
1,5,4,5,0,4,0,0,0,50,2,48,0,12350,12350,21490,4
1,4,3,5,0,3,0,0,0,47,2,45,0,3000,3000,24490,4
1,4,2,5,0,2,0,0,0,45,2,43,0,11200,11200,35690,3
1,3,1,5,0,1,0,0,0,41,2,39,0,2710,2710,38400,3
1,5,2,5,0,2,0,0,0,46,2,44,0,10920,10920,26110,4
1,4,1,5,0,1,0,0,0,41,2,39,0,8080,8080,34190,3
1,6,5,5,0,5,0,0,0,53,2,51,0,-23690,-23690,10500,5
1,4,2,5,0,2,0,0,0,40,2,38,0,8130,8130,35900,3
1,5,2,5,0,2,0,0,0,49,2,47,0,12690,12690,23470,4
1,4,1,5,0,1,0,0,0,42,2,40,0,3730,3730,27200,4
1,6,5,5,0,5,0,0,0,53,2,51,0,-32780,-32780,8400,5
1,5,4,5,0,4,0,0,0,51,2,49,0,10990,10990,19390,4
1,4,1,5,0,1,0,0,0,45,2,43,0,15650,15650,49670,1
1,4,2,5,0,2,0,0,0,44,2,42,0,10470,10470,33430,3
1,4,1,5,0,1,0,0,0,40,2,38,0,5380,5380,38810,4
1,3,2,5,0,2,0,0,0,45,2,43,0,8060,8060,34970,2
1,6,5,5,0,5,0,0,0,53,2,51,0,-37270,-37270,11140,5
1,6,5,5,0,5,0,0,0,53,2,51,0,10180,10180,10180,5
1,5,4,5,0,4,0,0,0,49,2,47,0,4800,4800,14980,5
1,5,3,5,0,3,0,0,0,46,2,44,0,4470,4470,19450,5
1,5,2,5,0,2,0,0,0,43,2,41,0,21140,21140,40590,2
1,2,1,5,0,1,0,0,0,41,2,39,0,-1,-1,-1,1
1,6,5,5,0,5,0,0,0,53,2,51,0,10760,10760,10760,5
1,5,4,5,0,4,0,0,0,49,2,47,0,9000,9000,19760,4
1,2,1,5,0,1,0,0,0,42,2,40,0,5460,5460,44200,2
1,5,4,5,0,4,0,0,0,51,2,49,0,10010,10010,18100,4
1,2,2,5,0,2,0,0,0,44,2,42,0,3720,3720,37770,2
1,2,1,5,0,1,0,0,0,42,2,40,0,5170,5170,42940,2
1,5,4,5,0,4,0,0,0,51,2,49,0,15160,15160,23250,3
1,3,3,5,0,3,0,0,0,48,2,46,0,10410,10410,33660,2
1,2,1,5,0,1,0,0,0,41,2,39,0,12700,12700,52860,1
1,6,5,5,0,5,0,0,0,53,2,51,0,15270,15270,15270,4
1,4,4,5,0,4,0,0,0,49,2,47,0,8200,8200,23470,3
1,5,4,5,0,4,0,0,0,51,2,49,0,10270,10270,18440,4
1,2,2,5,0,2,0,0,0,43,2,41,0,12080,12080,47290,1
1,1,1,5,0,1,0,0,0,39,2,37,0,3490,3490,50780,1
1,6,5,5,0,5,0,0,0,53,2,51,0,21190,21190,21190,3
1,3,4,5,0,4,0,0,0,50,2,48,0,11740,11740,32930,2
1,6,5,5,0,5,0,0,0,53,2,51,0,8980,8980,8980,5
1,4,3,5,0,3,0,0,0,49,2,47,0,11310,11310,28580,3
1,3,2,5,0,2,0,0,0,46,2,44,0,7690,7690,36270,3
1,3,1,5,0,1,0,0,0,42,2,40,0,-1,-1,-1,1
1,3,2,5,0,2,0,0,0,44,2,42,0,10340,10340,38670,2
1,5,4,5,0,4,0,0,0,51,2,49,0,10530,10530,18590,4
1,4,3,5,0,3,0,0,0,48,2,46,0,15600,15600,34190,2
1,4,3,5,0,3,0,0,0,49,2,47,0,15150,15150,31500,2
1,2,2,5,0,2,0,0,0,45,2,43,0,5060,5060,36560,2
1,5,4,5,0,4,0,0,0,51,2,49,0,11800,11800,19890,4
1,4,3,5,0,3,0,0,0,47,2,45,0,4550,4550,24440,4
1,6,5,5,0,5,0,0,0,53,2,51,0,14160,14160,14160,4
1,2,2,5,0,2,0,0,0,44,2,42,0,4180,4180,36660,2
1,2,1,5,0,1,0,0,0,40,2,38,0,5230,5230,41890,2
1,5,4,5,0,4,0,0,0,51,2,49,0,15270,15270,23360,3
1,2,2,5,0,2,0,0,0,45,2,43,0,5440,5440,36900,2
1,2,1,5,0,1,0,0,0,41,2,39,0,-1,-1,-1,1
1,4,3,5,0,3,0,0,0,49,2,47,0,10120,10120,26500,3
1,3,2,5,0,2,0,0,0,45,2,43,0,8840,8840,35340,2
1,2,1,5,0,1,0,0,0,41,2,39,0,4540,4540,39880,2
1,6,5,5,0,5,0,0,0,53,2,51,0,7840,7840,7840,5
1,2,2,5,0,2,0,0,0,46,2,44,0,4410,4410,37470,2
1,3,3,5,0,3,0,0,0,48,2,46,0,11260,11260,34190,2
1,2,2,5,0,2,0,0,0,44,2,42,0,3870,3870,38060,2
1,4,3,5,0,3,0,0,0,49,2,47,0,11410,11410,27880,3
1,3,2,5,0,2,0,0,0,45,2,43,0,14390,14390,42270,2
1,5,4,5,0,4,0,0,0,51,2,49,0,21060,21060,29240,2
1,2,3,5,0,3,0,0,0,48,2,46,0,4050,4050,33290,2
1,2,2,5,0,2,0,0,0,44,2,42,0,3740,3740,37030,2
1,6,5,5,0,5,0,0,0,53,2,51,0,20400,20400,20400,3
1,5,4,5,0,4,0,0,0,51,2,49,0,19800,19800,27890,2
1,2,2,5,0,2,0,0,0,45,2,43,0,3980,3980,36700,2
1,2,2,5,0,2,0,0,0,45,2,42,1,8830,8830,35320,2
1,2,1,5,0,1,0,0,0,43,2,41,0,4430,4430,39750,2
1,6,5,5,0,5,0,0,0,53,2,51,0,20670,20670,20670,3
1,2,3,5,0,3,0,0,0,49,2,47,0,5860,5860,34710,2
1,2,2,5,0,2,0,0,0,43,2,41,0,5440,5440,40150,2
1,2,1,5,0,1,0,0,0,39,2,37,0,-12250,7750,27900,0
1,6,5,5,0,5,0,0,0,53,2,51,0,7840,7840,7840,5
1,5,4,5,0,4,0,0,0,52,2,50,0,10570,10570,18410,4
1,4,3,5,0,3,0,0,0,50,2,48,0,15270,15270,33680,2
1,2,2,5,0,2,0,0,0,46,2,44,0,6940,6940,40620,2
1,5,4,5,0,4,0,0,0,51,2,49,0,10240,10240,18300,4
1,2,2,5,0,2,0,0,0,44,2,42,0,4880,4880,39960,2
1,6,5,5,0,5,0,0,0,53,2,51,0,7840,7840,7840,5
1,4,3,5,0,3,0,0,0,49,2,47,0,10570,10570,26950,3
1,4,3,5,0,3,0,0,0,49,2,47,0,11870,11870,28220,3
1,3,1,5,0,1,0,0,0,41,2,39,0,6940,6940,39840,3
1,4,3,5,0,3,0,0,0,49,2,47,0,11410,11410,27790,3
1,2,1,5,0,1,0,0,0,41,2,39,0,10050,10050,47380,1
1,6,5,5,0,5,0,0,0,53,2,51,0,12380,12380,12380,5
1,3,1,5,0,1,0,0,0,38,2,36,0,2550,2550,38110,3
1,6,5,5,0,5,0,0,0,53,2,51,0,5490,5490,5490,6
1,6,4,5,0,4,0,0,0,49,2,47,0,8200,8200,13690,5
1,5,3,5,0,3,0,0,0,47,2,45,0,20470,20470,34160,2
1,2,2,5,0,2,0,0,0,44,2,42,0,3090,3090,37250,2
1,6,5,5,0,5,0,0,0,53,2,51,0,6350,6350,6350,6
1,6,4,5,0,4,0,0,0,49,2,47,0,8200,8200,14550,5
1,5,3,5,0,3,0,0,0,47,2,45,0,10250,10250,24800,4
1,4,2,5,0,2,0,0,0,43,2,41,0,2960,2960,27760,4
1,5,4,5,0,4,0,0,0,51,2,49,0,14720,14720,22780,3
1,2,1,5,0,1,0,0,0,41,2,39,0,-1,-1,-1,1
1,6,5,5,0,5,0,0,0,53,2,51,0,11250,11250,11250,5
1,1,1,5,0,1,0,0,0,36,1,35,0,3540,3540,50930,1
1,3,2,5,0,2,0,0,0,44,2,42,0,4490,4490,32840,3
1,3,1,5,0,1,0,0,0,41,2,39,0,10070,10070,42910,2
1,3,2,5,0,2,0,0,0,44,2,42,0,10670,10670,39710,2
1,6,5,5,0,5,0,0,0,53,2,51,0,10310,10310,10310,5
1,6,5,5,0,5,0,0,0,53,2,51,0,15850,15850,15850,4
1,4,4,5,0,4,0,0,0,50,2,48,0,6440,6440,22290,4
1,4,3,5,0,3,0,0,0,45,2,43,0,7860,7860,30150,3
1,2,1,5,0,1,0,0,0,39,2,37,0,4780,4780,44930,2
1,6,5,5,0,5,0,0,0,53,2,51,0,5950,5950,5950,6
1,5,3,5,0,3,0,0,0,47,2,45,0,3250,3250,17290,5
1,5,2,5,0,2,0,0,0,44,2,42,0,9760,9760,27050,4
1,6,5,5,0,5,0,0,0,53,2,51,0,11470,11470,11470,5
1,2,1,5,0,1,0,0,0,42,2,40,0,3410,3410,42480,2
1,4,3,5,0,3,0,0,0,49,2,47,0,15030,15030,31610,2
1,2,2,5,0,2,0,0,0,47,2,45,0,4340,4340,35950,2
1,2,1,5,0,1,0,0,0,44,2,42,0,5290,5290,41240,2
1,6,5,5,0,5,0,0,0,53,2,51,0,12360,12360,12360,5
1,2,1,5,0,1,0,0,0,38,2,36,0,-1,-1,-1,1
1,6,5,5,0,5,0,0,0,53,2,51,0,11950,11950,11950,5
1,6,5,5,0,5,0,0,0,53,2,51,0,10330,10330,10330,5
1,2,1,5,0,1,0,0,0,40,2,38,0,4170,4170,42750,2
1,6,5,5,0,5,0,0,0,53,2,51,0,8550,8550,8550,5
1,5,4,5,0,4,0,0,0,51,2,49,0,9750,9750,18300,4
1,6,5,5,0,5,0,0,0,53,2,51,0,14960,14960,14960,4
1,3,3,5,0,3,0,0,0,48,2,46,0,3580,3580,26630,3
1,2,1,5,0,1,0,0,0,40,2,38,0,-1,-1,-1,1
1,6,5,5,0,5,0,0,0,53,2,51,0,11260,11260,11260,5
1,5,4,5,0,4,0,0,0,48,2,46,0,10570,10570,21830,4
1,6,5,5,0,5,0,0,0,53,2,51,0,15080,15080,15080,4
1,3,3,5,0,3,0,0,0,49,2,47,0,10390,10390,33560,2
1,6,5,5,0,5,0,0,0,53,2,51,0,7840,7840,7840,5
1,5,4,5,0,4,0,0,0,52,2,50,0,10570,10570,18410,4
1,2,1,5,0,1,0,0,0,41,2,39,0,11590,11590,51510,1
1,6,5,5,0,5,0,0,0,53,2,51,0,11730,11730,11730,5
1,6,5,5,0,5,0,0,0,53,2,51,0,20670,20670,20670,3
1,3,4,5,0,4,0,0,0,51,2,49,0,8440,8440,29110,2
1,6,5,5,0,5,0,0,0,53,2,51,0,14790,14790,14790,4
1,3,3,5,0,3,0,0,0,48,2,46,0,4420,4420,27300,3
1,2,1,5,0,1,0,0,0,41,2,39,0,10240,10240,48330,1
1,6,5,5,0,5,0,0,0,53,2,51,0,15200,15200,15200,4
1,3,3,5,0,3,0,0,0,48,2,46,0,4010,4010,27300,3
1,6,5,5,0,5,0,0,0,53,2,51,0,8200,8200,8200,5
1,5,4,5,0,4,0,0,0,51,2,49,0,14650,14650,22850,3
1,3,3,5,0,3,0,0,0,48,2,46,0,10820,10820,33670,2
1,6,5,5,0,5,0,0,0,53,2,51,0,10330,10330,10330,5
1,5,4,5,0,4,0,0,0,49,2,47,0,12360,12360,22690,4
1,2,1,5,0,1,0,0,0,37,2,35,0,3160,3160,45400,2
1,6,5,5,0,5,0,0,0,53,2,51,0,14030,14030,14030,4
1,3,3,5,0,3,0,0,0,48,2,46,0,3810,3810,25930,3
1,6,5,5,0,5,0,0,0,53,2,51,0,11830,11830,11830,5
1,5,4,5,0,4,0,0,0,48,2,46,0,11640,11640,23470,4
1,2,1,5,0,1,0,0,0,37,2,35,0,11930,11930,55970,1
1,6,5,5,0,5,0,0,0,53,2,51,0,8510,8510,8510,5
1,5,4,5,0,4,0,0,0,51,2,49,0,10190,10190,18700,4
1,6,5,5,0,5,0,0,0,53,2,51,0,4950,4950,4950,6
1,6,5,5,0,5,0,0,0,53,2,51,0,8510,8510,8510,5
1,5,4,5,0,4,0,0,0,51,2,49,0,21740,21740,30250,2
1,6,5,5,0,5,0,0,0,53,2,51,0,8510,8510,8510,5
1,5,4,5,0,4,0,0,0,51,2,49,0,15100,15100,23610,3
1,3,3,5,0,3,0,0,0,48,2,46,0,9710,9710,33320,2
1,2,1,5,0,1,0,0,0,42,2,40,0,6080,6080,44230,2
1,6,5,5,0,5,0,0,0,53,2,51,0,7840,7840,7840,5
1,5,4,5,0,4,0,0,0,52,2,50,0,23010,23010,30850,2
1,6,5,5,0,5,0,0,0,53,2,51,0,14810,14810,14810,4
1,3,3,5,0,3,0,0,0,48,2,46,0,10250,10250,33150,2
1,6,5,5,0,5,0,0,0,53,2,51,0,4470,4470,4470,6
1,6,5,5,0,5,0,0,0,53,2,51,0,11250,11250,11250,5
1,5,4,5,0,4,0,0,0,50,2,48,0,4790,4790,16040,5
1,5,3,5,0,3,0,0,0,46,2,44,0,3200,3200,19240,5
1,5,2,5,0,2,0,0,0,46,3,43,0,10330,10330,29570,4
1,6,5,5,0,5,0,0,0,53,2,51,0,8200,8200,8200,5
1,5,4,5,0,4,0,0,0,51,2,49,0,14600,14600,22800,3
1,3,3,5,0,3,0,0,0,49,2,47,0,10080,10080,32880,2
1,6,5,5,0,5,0,0,0,53,2,51,0,8200,8200,8200,5
1,5,4,5,0,4,0,0,0,51,2,49,0,5470,5470,13670,5
1,5,3,5,0,3,0,0,0,47,2,45,0,3950,3950,17620,5
1,5,2,5,0,2,0,0,0,44,2,42,0,1190,1190,18810,5
1,6,5,5,0,5,0,0,0,53,2,51,0,10570,10570,10570,5
1,5,4,5,0,4,0,0,0,51,2,49,0,6440,6440,17010,5
1,5,3,5,0,3,0,0,0,46,2,44,0,7760,7760,24770,4
1,2,1,5,0,1,0,0,0,39,2,37,0,2760,2760,42680,2
1,6,5,5,0,5,0,0,0,53,2,51,0,10270,10270,10270,5
1,5,4,5,0,4,0,0,0,50,2,48,0,15130,15130,25400,3
1,3,3,5,0,3,0,0,0,47,2,45,0,10130,10130,35530,2
1,6,5,5,0,5,0,0,0,53,2,51,0,9860,9860,9860,5
1,5,4,5,0,4,0,0,0,50,2,48,0,8710,8710,18570,4
1,2,1,5,0,1,0,0,0,41,2,39,0,4130,4130,42840,2
1,6,5,5,0,5,0,0,0,53,2,51,0,10100,10100,10100,5
1,5,4,5,0,4,0,0,0,49,2,47,0,10420,10420,20520,4
1,6,5,5,0,5,0,0,0,53,2,51,0,8490,8490,8490,5
1,5,4,5,0,4,0,0,0,51,2,49,0,6060,6060,14550,5
1,5,3,5,0,3,0,0,0,46,2,44,0,7780,7780,22330,4
1,6,5,5,0,5,0,0,0,53,2,51,0,11820,11820,11820,5
1,5,4,5,0,4,0,0,0,48,2,46,0,10320,10320,22140,4
1,6,5,5,0,5,0,0,0,53,2,51,0,15850,15850,15850,4
1,3,3,5,0,3,0,0,0,48,2,46,0,5600,5600,29540,3
1,2,1,5,0,1,0,0,0,42,2,40,0,5440,5440,44520,2
1,6,5,5,0,5,0,0,0,53,2,51,0,1760,1760,1760,6
1,6,5,5,0,5,0,0,0,53,2,51,0,10220,10220,10220,5
1,5,4,5,0,4,0,0,0,49,2,47,0,8200,8200,18420,4
1,6,5,5,0,5,0,0,0,53,2,51,0,10220,10220,10220,5
1,5,4,5,0,4,0,0,0,49,2,47,0,10150,10150,20370,4
1,6,5,5,0,5,0,0,0,53,2,51,0,8200,8200,8200,5
1,5,4,5,0,4,0,0,0,51,2,49,0,15040,15040,23240,3
1,3,3,5,0,3,0,0,0,48,2,46,0,9780,9780,33020,2
1,6,5,5,0,5,0,0,0,53,2,51,0,5910,5910,5910,6
1,6,5,5,0,5,0,0,0,53,2,51,0,14030,14030,14030,4
1,3,3,5,0,3,0,0,0,48,2,46,0,10580,10580,32700,2
1,6,5,5,0,5,0,0,0,53,2,51,0,4890,4890,4890,6
1,6,5,5,0,5,0,0,0,53,2,51,0,15680,15680,15680,4
1,3,3,5,0,3,0,0,0,47,2,45,0,9850,9850,33590,2
1,6,5,5,0,5,0,0,0,53,2,51,0,15200,15200,15200,4
1,3,3,5,0,3,0,0,0,48,2,46,0,9780,9780,33290,2
1,6,5,5,0,5,0,0,0,53,2,51,0,8510,8510,8510,5
1,5,4,5,0,4,0,0,0,51,2,49,0,10180,10180,18690,4
1,6,5,5,0,5,0,0,0,53,2,51,0,8200,8200,8200,5
1,5,4,5,0,4,0,0,0,51,2,49,0,10010,10010,18210,4
1,2,1,5,0,1,0,0,0,42,2,40,0,4160,4160,41420,2
1,6,5,5,0,5,0,0,0,53,2,51,0,8490,8490,8490,5
1,5,4,5,0,4,0,0,0,51,2,49,0,15690,15690,24180,3
1,3,3,5,0,3,0,0,0,47,2,45,0,10340,10340,34520,2
1,6,5,5,0,5,0,0,0,53,2,51,0,10220,10220,10220,5
1,5,4,5,0,4,0,0,0,49,2,47,0,15850,15850,26070,3
1,3,3,5,0,3,0,0,0,46,2,44,0,4950,4950,31020,3
1,3,2,5,0,2,0,0,0,42,2,40,0,5110,5110,36130,3
1,6,5,5,0,5,0,0,0,53,2,51,0,14830,14830,14830,4
1,3,3,5,0,3,0,0,0,49,2,47,0,10480,10480,33400,2
1,6,5,5,0,5,0,0,0,53,2,51,0,20670,20670,20670,2
1,2,3,5,0,3,0,0,0,49,2,47,0,3510,3510,32360,2
1,2,2,5,0,2,0,0,0,46,2,44,0,11980,11980,44340,1
1,6,5,5,0,5,0,0,0,53,2,51,0,9020,9020,9020,5
1,5,4,5,0,4,0,0,0,52,2,50,0,10330,10330,19350,4
1,2,1,5,0,1,0,0,0,40,2,38,0,11110,11110,49540,1
1,6,5,5,0,5,0,0,0,53,2,51,0,1760,1760,1760,6
1,6,5,5,0,5,0,0,0,53,2,51,0,10360,10360,10360,5
1,6,5,5,0,5,0,0,0,53,2,51,0,10100,10100,10100,5
1,6,5,5,0,5,0,0,0,53,2,51,0,15130,15130,15130,4
1,3,3,5,0,3,0,0,0,47,2,45,0,4020,4020,27240,3
1,2,1,5,0,1,0,0,0,41,2,39,0,3160,3160,39400,2
1,6,5,5,0,5,0,0,0,53,2,51,0,8200,8200,8200,5
1,5,4,5,0,4,0,0,0,51,2,49,0,15160,15160,23360,3
1,3,3,5,0,3,0,0,0,48,2,46,0,10410,10410,33770,2
1,2,1,5,0,1,0,0,0,41,2,39,0,2820,2820,41880,2
1,6,5,5,0,5,0,0,0,53,2,51,0,8510,8510,8510,5
1,5,4,5,0,4,0,0,0,51,2,49,0,15260,15260,23770,3
1,3,3,5,0,3,0,0,0,48,2,46,0,4740,4740,28510,3
1,3,2,5,0,2,0,0,0,46,2,44,0,5520,5520,34030,3
1,6,5,5,0,5,0,0,0,53,2,51,0,8370,8370,8370,5
1,5,4,5,0,4,0,0,0,51,2,49,0,10290,10290,18660,4
1,2,1,5,0,1,0,0,0,41,2,39,0,3510,3510,42860,2
1,6,5,5,0,5,0,0,0,53,2,51,0,8070,8070,8070,5
1,5,4,5,0,4,0,0,0,51,2,49,0,10800,10800,18870,4
1,6,5,5,0,5,0,0,0,53,2,51,0,20860,20860,20860,3
1,3,4,5,0,4,0,0,0,51,2,49,0,7580,7580,28440,2
1,6,5,5,0,5,0,0,0,53,2,51,0,15620,15620,15620,4
1,6,5,5,0,5,0,0,0,53,2,51,0,10010,10010,10010,5
1,5,4,5,0,4,0,0,0,50,2,48,0,10380,10380,20390,4
1,6,5,5,0,5,0,0,0,53,2,51,0,15850,15850,15850,4
1,3,3,5,0,3,0,0,0,48,2,46,0,3230,3230,27170,3
1,2,1,5,0,1,0,0,0,41,1,40,0,-1,-1,-1,1
1,6,5,5,0,5,0,0,0,53,2,51,0,9020,9020,9020,5
1,5,4,5,0,4,0,0,0,52,2,50,0,11940,11940,20960,4
1,6,5,5,0,5,0,0,0,53,2,51,0,5950,5950,5950,6
1,6,5,5,0,5,0,0,0,53,2,51,0,5240,5240,5240,6
1,6,5,5,0,5,0,0,0,53,2,51,0,14960,14960,14960,4
1,3,3,5,0,3,0,0,0,48,2,46,0,3580,3580,26600,3
1,2,1,5,0,1,0,0,0,40,2,38,0,10080,10080,48880,1
1,6,5,5,0,5,0,0,0,53,2,51,0,11250,11250,11250,5
1,5,4,5,0,4,0,0,0,50,2,48,0,15080,15080,26330,3
1,3,3,5,0,3,0,0,0,46,2,44,0,9020,9020,35350,2
1,6,5,5,0,5,0,0,0,53,2,51,0,15200,15200,15200,4
1,3,3,5,0,3,0,0,0,48,2,46,0,3650,3650,26940,3
1,2,1,5,0,1,0,0,0,41,2,39,0,10210,10210,47890,1
1,6,5,5,0,5,0,0,0,53,2,51,0,8200,8200,8200,5
1,5,4,5,0,4,0,0,0,51,2,49,0,8190,8190,16390,4
1,6,5,5,0,5,0,0,0,53,2,51,0,8200,8200,8200,5
1,5,4,5,0,4,0,0,0,51,2,49,0,10150,10150,18350,4
1,2,1,5,0,1,0,0,0,42,2,40,0,4650,4650,41920,2
1,6,5,5,0,5,0,0,0,53,2,51,0,7840,7840,7840,5
1,5,4,5,0,4,0,0,0,52,2,50,0,15140,15140,22980,3
1,3,3,5,0,3,0,0,0,49,2,47,0,4530,4530,27510,3
1,3,2,5,0,2,0,0,0,45,2,43,0,10240,10240,37750,2
1,2,1,5,0,1,0,0,0,41,2,39,0,4170,4170,41920,2
1,6,5,5,0,5,0,0,0,53,2,51,0,8200,8200,8200,5
1,5,4,5,0,4,0,0,0,51,2,49,0,19780,19780,27980,2
1,6,5,5,0,5,0,0,0,53,2,51,0,4890,4890,4890,6
1,6,5,5,0,5,0,0,0,53,2,51,0,14020,14020,14020,4
1,3,3,5,0,3,0,0,0,48,2,46,0,4810,4810,26920,3
1,2,1,5,0,1,0,0,0,42,2,40,0,10180,10180,47730,1
1,6,5,5,0,5,0,0,0,53,2,51,0,11250,11250,11250,5
1,5,4,5,0,4,0,0,0,50,2,48,0,14630,14630,25880,3
1,3,3,5,0,3,0,0,0,48,2,46,0,8610,8610,34490,2
1,6,5,5,0,5,0,0,0,53,2,51,0,15680,15680,15680,4
1,3,3,5,0,3,0,0,0,47,2,45,0,4250,4250,27990,3
1,2,1,5,0,1,0,0,0,39,2,37,0,10610,10610,50800,1
1,6,5,5,0,5,0,0,0,53,2,51,0,12360,12360,12360,5
1,5,4,5,0,4,0,0,0,48,2,46,0,11260,11260,23620,4
1,2,1,5,0,1,0,0,0,36,2,34,0,-1,-1,-1,1
1,6,5,5,0,5,0,0,0,53,2,51,0,15680,15680,15680,4
1,3,3,5,0,3,0,0,0,47,2,45,0,11520,11520,35260,2
1,6,5,5,0,5,0,0,0,53,2,51,0,15680,15680,15680,4
1,3,3,5,0,3,0,0,0,47,2,45,0,3730,3730,27500,3
1,2,1,5,0,1,0,0,0,42,2,40,0,4160,4160,39810,2
1,6,5,5,0,5,0,0,0,53,2,51,0,10570,10570,10570,5
1,5,4,5,0,4,0,0,0,51,2,49,0,8070,8070,18640,4
1,6,5,5,0,5,0,0,0,53,2,51,0,7840,7840,7840,5
1,5,4,5,0,4,0,0,0,52,2,50,0,10880,10880,18720,4
1,2,1,5,0,1,0,0,0,43,2,41,0,11660,11660,50060,1
1,6,5,5,0,5,0,0,0,53,2,51,0,11410,11410,11410,5
1,5,4,5,0,4,0,0,0,48,2,46,0,20980,20980,32390,2
1,6,5,5,0,5,0,0,0,53,2,51,0,8510,8510,8510,5
1,5,4,5,0,4,0,0,0,51,2,49,0,10230,10230,18740,4
1,6,5,5,0,5,0,0,0,53,2,51,0,8570,8570,8570,5
1,5,4,5,0,4,0,0,0,51,2,49,0,10210,10210,18780,4
1,6,5,5,0,5,0,0,0,53,2,51,0,11820,11820,11820,5
1,5,4,5,0,4,0,0,0,48,2,46,0,20550,20550,32370,2
1,6,5,5,0,5,0,0,0,53,2,51,0,8200,8200,8200,5
1,5,4,5,0,4,0,0,0,51,2,49,0,14790,14790,22990,3
1,3,3,5,0,3,0,0,0,48,2,46,0,4440,4440,27430,3
1,3,2,5,0,2,0,0,0,45,2,43,0,4180,4180,31610,3
1,6,5,5,0,5,0,0,0,53,2,51,0,21570,21570,21570,3
1,3,4,5,0,4,0,0,0,49,2,47,0,7620,7620,29190,2
1,6,5,5,0,5,0,0,0,53,2,51,0,8200,8200,8200,5
1,5,4,5,0,4,0,0,0,51,2,49,0,10190,10190,18390,4
1,2,1,5,0,1,0,0,0,41,2,39,0,4640,4640,41960,2
1,6,5,5,0,5,0,0,0,53,2,51,0,10570,10570,10570,5
1,5,4,5,0,4,0,0,0,51,2,49,0,10310,10310,20880,4
1,6,5,5,0,5,0,0,0,53,2,51,0,12360,12360,12360,5
1,5,4,5,0,4,0,0,0,48,2,46,0,7780,7780,20140,4
1,2,1,5,0,1,0,0,0,40,2,38,0,2820,2820,43340,2
1,6,5,5,0,5,0,0,0,53,2,51,0,8200,8200,8200,5
1,5,4,5,0,4,0,0,0,51,2,49,0,14830,14830,23030,3
1,3,3,5,0,3,0,0,0,49,2,47,0,10750,10750,33780,2
1,2,1,5,0,1,0,0,0,39,1,38,0,11350,11350,52150,1
1,6,5,5,0,5,0,0,0,53,2,51,0,10570,10570,10570,5
1,5,4,5,0,4,0,0,0,51,2,49,0,7780,7780,18350,4
1,2,1,5,0,1,0,0,0,41,2,39,0,-1,-1,-1,1
1,6,5,5,0,5,0,0,0,53,2,51,0,14830,14830,14830,4
1,3,3,5,0,3,0,0,0,49,2,47,0,9780,9780,32700,2
1,6,5,5,0,5,0,0,0,53,2,51,0,5210,5210,5210,6
1,6,5,5,0,5,0,0,0,53,2,51,0,10330,10330,10330,5
1,5,4,5,0,4,0,0,0,49,2,47,0,9700,9700,20030,4
1,2,1,5,0,1,0,0,0,41,2,39,0,4120,4120,44070,2
1,6,5,5,0,5,0,0,0,53,2,51,0,7840,7840,7840,5
1,5,4,5,0,4,0,0,0,52,2,50,0,15270,15270,23110,3
1,3,3,5,0,3,0,0,0,48,2,46,0,4850,4850,27960,3
1,3,2,5,0,2,0,0,0,45,2,43,0,12460,12460,40420,2
1,2,1,5,0,1,0,0,0,40,2,38,0,-1,-1,-1,1
1,6,5,5,0,5,0,0,0,53,2,51,0,5910,5910,5910,6
1,6,5,5,0,5,0,0,0,53,2,51,0,10130,10130,10130,5
1,5,4,5,0,4,0,0,0,49,2,47,0,4990,4990,15120,5
1,5,3,5,0,3,0,0,0,46,2,44,0,15090,15090,30210,3
1,3,2,5,0,2,0,0,0,44,2,42,0,9650,9650,39860,2
1,2,1,5,0,1,0,0,0,42,2,40,0,5530,5530,45390,2
1,6,5,5,0,5,0,0,0,53,2,51,0,7840,7840,7840,5
1,5,4,5,0,4,0,0,0,52,2,50,0,15160,15160,23000,3
1,3,3,5,0,3,0,0,0,49,2,47,0,4180,4180,27180,3
1,3,2,5,0,2,0,0,0,45,2,43,0,3750,3750,30930,3
1,6,5,5,0,5,0,0,0,53,2,51,0,8070,8070,8070,5
1,5,4,5,0,4,0,0,0,51,2,49,0,19780,19780,27850,2
1,6,5,5,0,5,0,0,0,54,3,51,0,9280,9280,9280,5
1,6,5,5,0,5,0,0,0,53,2,51,0,9280,9280,9280,5
1,5,4,5,0,4,0,0,0,52,2,50,0,10730,10730,20010,4
1,6,5,5,0,5,0,0,0,53,2,51,0,-33430,-33430,8200,5
1,5,4,5,0,4,0,0,0,51,2,49,0,10330,10330,18530,4
1,6,5,5,0,5,0,0,0,53,2,51,0,-30540,-30540,9060,5
1,5,4,5,0,4,0,0,0,52,2,50,0,10740,10740,19800,4
1,4,1,5,0,1,0,0,0,37,2,35,0,3800,3800,32970,4
1,6,5,5,0,5,0,0,0,53,2,51,0,-25190,-25190,7780,5
1,5,4,5,0,4,0,0,0,52,2,50,0,10610,10610,18390,4
1,6,5,5,0,5,0,0,0,53,2,51,0,-34200,-34200,8200,5
1,5,4,5,0,4,0,0,0,51,2,49,0,10820,10820,19020,4
1,6,5,5,0,5,0,0,0,53,2,51,0,-32450,-32450,8450,5
1,5,4,5,0,4,0,0,0,51,2,49,0,10390,10390,18840,4
1,6,5,5,0,5,0,0,0,53,2,51,0,-37590,-37590,8220,5
1,5,4,5,0,4,0,0,0,51,2,49,0,10410,10410,18630,4
1,4,1,5,0,1,0,0,0,41,2,39,0,13620,13620,40810,2
1,6,5,5,0,5,0,0,0,53,2,51,0,-31530,-31530,9280,5
1,5,4,5,0,4,0,0,0,52,2,50,0,11010,11010,20290,4
1,6,5,5,0,5,0,0,0,53,2,51,0,-44490,-44490,8220,5
1,5,4,5,0,4,0,0,0,51,2,49,0,10290,10290,18510,4
1,6,5,5,0,5,0,0,0,53,2,51,0,-31740,-31740,8200,5
1,5,4,5,0,4,0,0,0,51,2,49,0,8740,8740,16940,4
1,6,5,5,0,5,0,0,0,53,2,51,0,-26840,-26840,8450,5
1,5,4,5,0,4,0,0,0,51,2,49,0,10020,10020,18470,4
1,6,5,5,0,5,0,0,0,53,2,51,0,-39130,-39130,8220,5
1,5,4,5,0,4,0,0,0,51,2,49,0,10700,10700,18920,4
1,6,5,5,0,5,0,0,0,53,2,51,0,-32480,-32480,7980,5
1,5,4,5,0,4,0,0,0,52,2,50,0,22000,22000,29980,2
1,2,1,5,0,1,0,0,0,40,2,38,0,9300,9300,49820,1
1,6,5,5,0,5,0,0,0,53,2,51,0,-41600,-41600,8220,5
1,5,4,5,0,4,0,0,0,51,2,49,0,11300,11300,19520,4
1,6,5,5,0,5,0,0,0,53,2,51,0,8451,8451,8450,5
1,5,4,5,0,4,0,0,0,51,2,49,0,10680,10680,19130,4
1,2,1,5,0,1,0,0,0,45,2,43,0,4190,4190,40310,2
1,6,5,5,0,5,0,0,0,53,2,51,0,-32110,-32110,8200,5
1,5,4,5,0,4,0,0,0,51,2,49,0,8410,8410,16610,4
1,4,1,5,0,1,0,0,0,44,2,42,0,13200,13200,38170,2
1,6,5,5,0,5,0,0,0,53,2,51,0,-28890,-28890,9280,5
1,5,4,5,0,4,0,0,0,52,2,50,0,11430,11430,20710,4
1,6,5,5,0,5,0,0,0,53,2,51,0,-30080,-30080,8450,5
1,5,4,5,0,4,0,0,0,51,2,49,0,10020,10020,18470,4
1,6,5,5,0,5,0,0,0,53,2,51,0,-35670,-35670,7980,5
1,5,4,5,0,4,0,0,0,52,2,50,0,9930,9930,17910,4
1,6,5,5,0,5,0,0,0,53,2,51,0,-28140,-28140,8220,5
1,5,4,5,0,4,0,0,0,51,2,49,0,10780,10780,19000,4
1,6,5,5,0,5,0,0,0,53,2,51,0,-31150,-31150,8200,5
1,5,4,5,0,4,0,0,0,51,2,49,0,10780,10780,18980,4
1,6,5,5,0,5,0,0,0,53,2,51,0,-30060,-30060,11110,5
1,5,4,5,0,4,0,0,0,49,2,47,0,8090,8090,19200,4
1,6,5,5,0,5,0,0,0,53,2,51,0,-30260,-30260,10970,5
1,5,4,5,0,4,0,0,0,50,2,48,0,9230,9230,20200,4
1,6,5,5,0,5,0,0,0,53,2,51,0,-41780,-41780,8700,5
1,4,3,5,0,3,0,0,0,48,2,46,0,11120,11120,29290,3
1,2,1,5,0,1,0,0,0,40,2,38,0,4190,4190,43110,2
1,6,5,5,0,5,0,0,0,53,2,51,0,-35370,-35370,7740,5
1,5,4,5,0,4,0,0,0,52,2,50,0,10780,10780,18520,4
1,4,1,5,0,1,0,0,0,42,2,40,0,5460,5460,33620,4
1,6,5,5,0,5,0,0,0,53,2,51,0,-25890,-25890,7730,5
1,5,4,5,0,4,0,0,0,52,2,50,0,12560,12560,20290,4
1,2,1,5,0,1,0,0,0,42,2,40,0,9870,9870,48670,1
1,6,5,5,0,5,0,0,0,53,2,51,0,-37900,-37900,10770,5
1,5,4,5,0,4,0,0,0,51,2,49,0,8470,8470,19240,4
1,2,1,5,0,1,0,0,0,42,2,40,0,4840,4840,45040,2
1,6,5,5,0,5,0,0,0,53,2,51,0,-35900,-35900,9140,5
1,5,4,5,0,4,0,0,0,50,2,48,0,10440,10440,19580,4
1,4,1,5,0,1,0,0,0,41,1,40,0,4870,4870,32820,4
1,6,5,5,0,5,0,0,0,53,2,51,0,-23800,-23800,9020,5
1,4,3,5,0,3,0,0,0,48,2,46,0,5200,5200,24350,4
1,6,5,5,0,5,0,0,0,53,2,51,0,-33460,-33460,8220,5
1,5,4,5,0,4,0,0,0,51,2,49,0,10290,10290,18510,4
1,6,5,5,0,5,0,0,0,53,2,51,0,-32800,-32800,7980,5
1,5,4,5,0,4,0,0,0,52,2,50,0,11070,11070,19050,4
1,4,1,5,0,1,0,0,0,44,2,42,0,16260,16260,43590,2
1,6,5,5,0,5,0,0,0,53,2,51,0,-35370,-35370,8220,5
1,5,4,5,0,4,0,0,0,51,2,49,0,11300,11300,19520,4
1,2,1,5,0,1,0,0,0,41,2,39,0,10870,10870,50480,1
1,6,5,5,0,5,0,0,0,53,2,51,0,-41200,-41200,9280,5
1,5,4,5,0,4,0,0,0,52,2,50,0,10480,10480,19760,4
1,2,1,5,0,1,0,0,0,43,2,41,0,3620,3620,41230,2
1,6,5,5,0,5,0,0,0,53,2,51,0,-31950,-31950,9280,5
1,5,4,5,0,4,0,0,0,52,2,50,0,10480,10480,19760,4
1,4,1,5,0,1,0,0,0,40,2,38,0,10060,10060,39670,3
1,6,5,5,0,5,0,0,0,53,2,51,0,-31220,-31220,8450,5
1,5,4,5,0,4,0,0,0,51,2,49,0,10280,10280,18730,4
1,2,1,5,0,1,0,0,0,40,2,38,0,2960,2960,44060,2
1,6,5,5,0,5,0,0,0,53,2,51,0,-36080,-36080,7980,5
1,5,4,5,0,4,0,0,0,52,2,50,0,10660,10660,18640,4
1,6,5,5,0,5,0,0,0,53,2,51,0,-36070,-36070,8220,5
1,5,4,5,0,4,0,0,0,51,2,49,0,10290,10290,18510,4
1,2,1,5,0,1,0,0,0,44,2,42,0,14740,14740,51900,1
1,6,5,5,0,5,0,0,0,53,2,51,0,-41470,-41470,10430,5
1,5,4,5,0,4,0,0,0,50,2,48,0,8260,8260,18690,4
1,4,2,5,0,2,0,0,0,45,2,43,0,3940,3940,26570,4
1,4,1,5,0,1,0,0,0,43,2,41,0,14120,14120,40690,2
1,6,5,5,0,5,0,0,0,53,2,51,0,-29920,-29920,10770,5
1,5,4,5,0,4,0,0,0,49,2,47,0,9680,9680,20450,4
1,6,5,5,0,5,0,0,0,53,2,51,0,-28870,-28870,7600,5
1,5,4,5,0,4,0,0,0,51,2,49,0,11170,11170,18770,4
1,4,1,5,0,1,0,0,0,41,2,39,0,4050,4050,32600,4
1,6,5,5,0,5,0,0,0,53,2,51,0,-20230,-20230,12370,5
1,5,4,5,0,4,0,0,0,49,2,47,0,5500,5500,17890,5
1,5,3,5,0,3,0,0,0,45,2,43,0,8300,8300,26190,4
1,6,5,5,0,5,0,0,0,53,2,51,0,-28700,-28700,7870,5
1,5,4,5,0,4,0,0,0,52,2,50,0,9860,9860,17730,4
1,2,1,5,0,1,0,0,0,42,2,40,0,10680,10680,51060,1
1,6,5,5,0,5,0,0,0,53,2,51,0,-41920,-41920,9140,5
1,5,4,5,0,4,0,0,0,51,2,49,0,10000,10000,19140,4
1,6,5,5,0,5,0,0,0,53,2,51,0,-31030,-31030,11110,5
1,5,4,5,0,4,0,0,0,48,2,46,0,8240,8240,19350,4
1,4,1,5,0,1,0,0,0,39,2,37,0,9970,9970,38990,3
1,6,5,5,0,5,0,0,0,53,2,51,0,-28730,-28730,10260,5
1,5,4,5,0,4,0,0,0,50,2,48,0,9230,9230,19490,4
1,4,1,5,0,1,0,0,0,40,2,38,0,10570,10570,38610,3
1,6,5,5,0,5,0,0,0,53,2,51,0,-27390,-27390,11220,5
1,5,4,5,0,4,0,0,0,49,2,47,0,9230,9230,20450,4
1,4,1,5,0,1,0,0,0,43,2,41,0,4770,4770,31960,4
1,6,5,5,0,5,0,0,0,53,2,51,0,-20990,-20990,10970,5
1,5,4,5,0,4,0,0,0,50,2,48,0,8280,8280,19250,4
1,6,5,5,0,5,0,0,0,53,2,51,0,-33030,-33030,8700,5
1,4,3,5,0,3,0,0,0,46,2,44,0,3480,3480,22970,4
1,6,5,5,0,5,0,0,0,53,2,51,0,-30080,-30080,10430,5
1,5,4,5,0,4,0,0,0,50,2,48,0,8240,8240,18670,4
1,6,5,5,0,5,0,0,0,53,2,51,0,-35660,-35660,8500,5
1,5,4,5,0,4,0,0,0,51,2,49,0,15160,15160,23660,3
1,3,3,5,0,3,0,0,0,48,2,46,0,10470,10470,34130,2
1,2,1,5,0,1,0,0,0,41,2,39,0,11240,11240,49990,1
1,6,5,5,0,5,0,0,0,53,2,51,0,-39290,-39290,10700,5
1,5,4,5,0,4,0,0,0,51,2,49,0,8300,8300,19000,4
1,2,1,5,0,1,0,0,0,44,2,42,0,10730,10730,48040,1
1,6,5,5,0,5,0,0,0,53,2,51,0,-37610,-37610,10430,5
1,5,4,5,0,4,0,0,0,50,2,48,0,7760,7760,18190,4
1,6,5,5,0,5,0,0,0,53,2,51,0,-33820,-33820,8240,5
1,5,4,5,0,4,0,0,0,51,2,49,0,9930,9930,18170,4
1,2,1,5,0,1,0,0,0,39,2,37,0,11110,11110,52060,1
1,6,5,5,0,5,0,0,0,53,2,51,0,-43890,-43890,8170,5
1,5,4,5,0,4,0,0,0,51,2,49,0,10780,10780,18950,4
1,4,1,5,0,1,0,0,0,42,2,40,0,13020,13020,42410,2
1,6,5,5,0,5,0,0,0,53,2,51,0,-34240,-34240,8170,5
1,5,4,5,0,4,0,0,0,51,2,49,0,9920,9920,18090,4
1,4,1,5,0,1,0,0,0,41,2,39,0,10310,10310,39460,3
1,6,5,5,0,5,0,0,0,53,2,51,0,8200,8200,8200,5
1,5,4,5,0,4,0,0,0,51,2,49,0,12330,12330,20530,4
1,4,1,5,0,1,0,0,0,39,2,37,0,12970,12970,41650,2
1,6,5,5,0,5,0,0,0,53,2,51,0,-33290,-33290,8360,5
1,5,4,5,0,4,0,0,0,51,2,49,0,9620,9620,17980,4
1,4,1,5,0,1,0,0,0,42,2,40,0,15810,15810,43490,2
1,6,5,5,0,5,0,0,0,53,2,51,0,-35290,-35290,8200,5
1,5,4,5,0,4,0,0,0,51,2,49,0,10820,10820,19020,4
1,4,2,5,0,2,0,0,0,46,2,44,0,10050,10050,32490,3
1,6,5,5,0,5,0,0,0,53,2,51,0,-29570,-29570,8360,5
1,5,4,5,0,4,0,0,0,51,2,49,0,9620,9620,17980,4
1,6,5,5,0,5,0,0,0,53,2,51,0,-36000,-36000,7780,5
1,5,4,5,0,4,0,0,0,52,2,50,0,10340,10340,18120,4
1,6,5,5,0,5,0,0,0,53,2,51,0,-29140,-29140,8200,5
1,5,4,5,0,4,0,0,0,51,2,49,0,10000,10000,18200,4
1,6,5,5,0,5,0,0,0,53,2,51,0,-28400,-28400,9060,5
1,5,4,5,0,4,0,0,0,52,2,50,0,10270,10270,19330,4
1,4,1,5,0,1,0,0,0,41,2,39,0,9880,9880,39380,3
1,6,5,5,0,5,0,0,0,53,2,51,0,-31180,-31180,8200,5
1,5,4,5,0,4,0,0,0,51,2,49,0,12330,12330,20530,4
1,6,5,5,0,5,0,0,0,53,2,51,0,-30990,-30990,9280,5
1,5,4,5,0,4,0,0,0,52,2,50,0,11290,11290,20570,4
1,4,1,5,0,1,0,0,0,39,2,37,0,4430,4430,35840,4
1,6,5,5,0,5,0,0,0,53,2,51,0,-26700,-26700,9140,5
1,5,4,5,0,4,0,0,0,51,2,49,0,10000,10000,19140,4
1,6,5,5,0,5,0,0,0,53,2,51,0,-37380,-37380,8400,5
1,5,4,5,0,4,0,0,0,51,2,49,0,9930,9930,18330,4
1,2,1,5,0,1,0,0,0,39,2,37,0,11200,11200,51670,1
1,6,5,5,0,5,0,0,0,53,2,51,0,-43150,-43150,8520,5
1,5,4,5,0,4,0,0,0,51,2,49,0,9520,9520,18040,4
1,2,1,5,0,1,0,0,0,37,2,35,0,12340,12340,54560,1
1,6,5,5,0,5,0,0,0,53,2,51,0,-45420,-45420,9140,5
1,5,4,5,0,4,0,0,0,51,2,49,0,11160,11160,20300,4
1,4,1,5,0,1,0,0,0,40,2,38,0,13450,13450,40900,2
1,6,5,5,0,5,0,0,0,53,2,51,0,-29790,-29790,11110,5
1,5,4,5,0,4,0,0,0,49,2,47,0,8110,8110,19220,4
1,6,5,5,0,5,0,0,0,53,2,51,0,-39170,-39170,4560,6
1,4,2,5,0,2,0,0,0,44,2,42,0,5510,5510,31820,4
1,6,5,5,0,5,0,0,0,53,2,51,0,-38130,-38130,5160,6
1,6,3,5,0,3,0,0,0,48,2,46,0,12480,12480,20380,5
1,5,2,5,0,2,0,0,0,43,2,41,0,8080,8080,28460,4
1,6,5,5,0,5,0,0,0,53,2,51,0,-22080,-22080,10200,5
1,5,4,5,0,4,0,0,0,51,2,49,0,8360,8360,18560,4
1,6,5,5,0,5,0,0,0,53,2,51,0,-29510,-29510,7860,5
1,5,4,5,0,4,0,0,0,52,2,50,0,10200,10200,18060,4
1,6,5,5,0,5,0,0,0,53,2,51,0,-29840,-29840,10770,5
1,5,4,5,0,4,0,0,0,51,2,49,0,8240,8240,19010,4
1,6,5,5,0,5,0,0,0,53,2,51,0,-36890,-36890,10260,5
1,5,4,5,0,4,0,0,0,50,2,48,0,9230,9230,19490,4
1,4,1,5,0,1,0,0,0,38,2,36,0,9010,9010,39680,3
1,6,5,5,0,5,0,0,0,53,2,51,0,-31280,-31280,8400,5
1,5,4,5,0,4,0,0,0,51,2,49,0,12290,12290,20690,4
1,6,5,5,0,5,0,0,0,53,2,51,0,-43950,-43950,10200,5
1,5,4,5,0,4,0,0,0,49,2,47,0,8590,8590,18790,4
1,6,5,5,0,5,0,0,0,53,2,51,0,-43090,-43090,8400,5
1,5,4,5,0,4,0,0,0,51,2,49,0,10760,10760,19160,4
1,2,1,5,0,1,0,0,0,38,2,36,0,10550,10550,54040,1
1,6,5,5,0,5,0,0,0,53,2,51,0,-46310,-46310,7730,5
1,5,4,5,0,4,0,0,0,52,2,50,0,10250,10250,17980,4
1,6,5,5,0,5,0,0,0,53,2,51,0,-34680,-34680,11110,5
1,5,4,5,0,4,0,0,0,49,2,47,0,8240,8240,19350,4
1,6,5,5,0,5,0,0,0,53,2,51,0,-34520,-34520,8520,5
1,5,4,5,0,4,0,0,0,51,2,49,0,11250,11250,19770,4
1,6,5,5,0,5,0,0,0,53,2,51,0,-44180,-44180,9230,5
1,5,4,5,0,4,0,0,0,50,2,48,0,11300,11300,20530,4
1,6,5,5,0,5,0,0,0,53,2,51,0,-40700,-40700,8520,5
1,5,4,5,0,4,0,0,0,51,2,49,0,9410,9410,17930,4
1,2,1,5,0,1,0,0,0,38,2,36,0,11610,11610,52670,1
1,6,5,5,0,5,0,0,0,53,2,51,0,-44150,-44150,8520,5
1,5,4,5,0,4,0,0,0,51,2,49,0,10860,10860,19380,4
1,6,5,5,0,5,0,0,0,53,2,51,0,-42880,-42880,10700,5
1,5,4,5,0,4,0,0,0,51,2,49,0,7870,7870,18570,4
1,2,1,5,0,1,0,0,0,43,2,41,0,9090,9090,47660,1
1,6,5,5,0,5,0,0,0,53,2,51,0,-37400,-37400,10260,5
1,5,4,5,0,4,0,0,0,50,2,48,0,7870,7870,18130,4
1,4,1,5,0,1,0,0,0,40,2,38,0,550,550,29800,4
1,6,5,5,0,5,0,0,0,53,2,51,0,-22060,-22060,7740,5
1,5,4,5,0,4,0,0,0,52,2,50,0,9920,9920,17660,4
1,6,5,5,0,5,0,0,0,53,2,51,0,-29840,-29840,9920,5
1,5,4,5,0,4,0,0,0,50,2,48,0,8280,8280,18200,4
1,2,1,5,0,1,0,0,0,43,2,41,0,12080,12080,48950,1
1,6,5,5,0,5,0,0,0,53,2,51,0,-40250,-40250,8700,5
1,4,3,5,0,3,0,0,0,47,2,45,0,5130,5130,24650,5
1,2,1,5,0,1,0,0,0,38,2,36,0,4040,4040,44100,2
1,6,5,5,0,5,0,0,0,53,2,51,0,-36360,-36360,7740,5
1,5,4,5,0,4,0,0,0,52,2,50,0,10150,10150,17890,4
1,6,5,5,0,5,0,0,0,53,2,51,0,8200,8200,8200,5
1,5,4,5,0,4,0,0,0,51,2,49,0,11210,11210,19410,4
1,4,1,5,0,1,0,0,0,40,2,38,0,10190,10190,37780,3
1,6,5,5,0,5,0,0,0,53,2,51,0,-29580,-29580,8200,5
1,5,4,5,0,4,0,0,0,51,2,49,0,10550,10550,18750,4
1,2,1,5,0,1,0,0,0,41,2,39,0,5440,5440,44600,2
1,6,5,5,0,5,0,0,0,53,2,51,0,-36400,-36400,8200,5
1,5,4,5,0,4,0,0,0,51,2,49,0,10350,10350,18550,4
1,4,1,5,0,1,0,0,0,42,2,40,0,10580,10580,38050,3
1,6,5,5,0,5,0,0,0,53,2,51,0,-29850,-29850,8200,5
1,5,4,5,0,4,0,0,0,51,2,49,0,11420,11420,19620,4
1,4,1,5,0,1,0,0,0,40,2,38,0,14900,14900,44210,2
1,6,5,5,0,5,0,0,0,53,2,51,0,-36010,-36010,8200,5
1,5,4,5,0,4,0,0,0,51,2,49,0,12330,12330,20530,4
1,6,5,5,0,5,0,0,0,53,2,51,0,-31360,-31360,8200,5
1,5,4,5,0,4,0,0,0,51,2,49,0,8810,8810,17010,4
1,6,5,5,0,5,0,0,0,53,2,51,0,-27440,-27440,8200,5
1,5,4,5,0,4,0,0,0,51,2,49,0,11050,11050,19250,4
1,6,5,5,0,5,0,0,0,53,2,51,0,-31550,-31550,9060,5
1,5,4,5,0,4,0,0,0,52,2,50,0,10680,10680,19740,4
1,4,1,5,0,1,0,0,0,40,2,38,0,3900,3900,32880,4
1,6,5,5,0,5,0,0,0,53,2,51,0,-24680,-24680,8200,5
1,5,4,5,0,4,0,0,0,51,2,49,0,10010,10010,18210,4
1,4,1,5,0,1,0,0,0,43,2,41,0,6750,6750,32600,4
1,6,5,5,0,5,0,0,0,53,2,51,0,-24240,-24240,8360,5
1,5,4,5,0,4,0,0,0,51,2,49,0,8350,8350,16710,4
1,4,1,5,0,1,0,0,0,45,2,43,0,6260,6260,29000,4
1,6,5,5,0,5,0,0,0,53,2,51,0,-18230,-18230,10770,5
1,5,4,5,0,4,0,0,0,51,2,49,0,8590,8590,19360,4
1,5,2,5,0,2,0,0,0,47,2,45,0,7790,7790,30160,3
1,6,5,5,0,5,0,0,0,53,2,51,0,-30550,-30550,10430,5
1,5,4,5,0,4,0,0,0,50,2,48,0,8240,8240,18670,4
1,6,5,5,0,5,0,0,0,53,2,51,0,-37410,-37410,10260,5
1,5,4,5,0,4,0,0,0,50,2,48,0,8240,8240,18500,4
1,6,5,5,0,5,0,0,0,53,2,51,0,-30700,-30700,8700,5
1,3,3,5,0,3,0,0,0,50,3,47,0,7030,7030,30050,3
1,6,5,5,0,5,0,0,0,53,2,51,0,-45130,-45130,7740,5
1,5,4,5,0,4,0,0,0,52,2,50,0,11070,11070,18810,4
1,6,5,5,0,5,0,0,0,53,2,51,0,5910,5910,5910,6
1,6,5,5,0,5,0,0,0,53,2,51,0,5340,5340,5340,6
1,6,5,5,0,5,0,0,0,53,2,51,0,10070,10070,10070,5
1,5,4,5,0,4,0,0,0,49,2,47,0,7780,7780,17850,4
1,6,5,5,0,5,0,0,0,53,2,51,0,4580,4580,4580,6
1,6,5,5,0,5,0,0,0,53,2,51,0,8490,8490,8490,5
1,5,4,5,0,4,0,0,0,51,2,49,0,9780,9780,18270,4
1,2,1,5,0,1,0,0,0,42,2,40,0,3960,3960,40040,2
1,6,5,5,0,5,0,0,0,53,2,51,0,15850,15850,15850,4
1,3,3,5,0,3,0,0,0,48,2,46,0,5170,5170,29110,3
1,2,1,5,0,1,0,0,0,41,2,39,0,2820,2820,41930,2
1,6,5,5,0,5,0,0,0,53,2,51,0,14830,14830,14830,4
1,3,3,5,0,3,0,0,0,49,2,47,0,9310,9310,32200,2
1,6,5,5,0,5,0,0,0,53,2,51,0,6350,6350,6350,6
1,6,5,5,0,5,0,0,0,53,2,51,0,15850,15850,15850,4
1,3,3,5,0,3,0,0,0,48,2,46,0,3250,3250,27190,3
1,2,1,5,0,1,0,0,0,42,2,40,0,6120,6120,43300,2
1,6,5,5,0,5,0,0,0,53,2,51,0,11180,11180,11180,5
1,5,4,5,0,4,0,0,0,48,2,46,0,9790,9790,20970,4
1,6,5,5,0,5,0,0,0,53,2,51,0,15160,15160,15160,4
1,3,3,5,0,3,0,0,0,48,2,46,0,9620,9620,32840,2
1,6,5,5,0,5,0,0,0,53,2,51,0,7750,7750,7750,5
1,5,4,5,0,4,0,0,0,52,2,50,0,15680,15680,23430,3
1,3,3,5,0,3,0,0,0,48,2,46,0,10360,10360,33790,2
1,6,5,5,0,5,0,0,0,53,2,51,0,17720,17720,17720,4
1,4,3,5,0,3,0,0,0,46,2,44,0,6110,6110,29100,4
1,6,5,5,0,5,0,0,0,53,2,51,0,9020,9020,9020,5
1,5,4,5,0,4,0,0,0,52,2,50,0,10430,10430,19450,4
1,2,1,5,0,1,0,0,0,39,1,38,0,3580,3580,45400,2
1,6,5,5,0,5,0,0,0,53,2,51,0,15160,15160,15160,4
1,3,3,5,0,3,0,0,0,48,2,46,0,9780,9780,33030,2
1,6,5,5,0,5,0,0,0,53,2,51,0,9020,9020,9020,5
1,5,4,5,0,4,0,0,0,51,2,49,0,9930,9930,18950,4
1,2,1,5,0,1,0,0,0,42,2,40,0,3990,3990,42260,2
1,6,5,5,0,5,0,0,0,53,2,51,0,7840,7840,7840,5
1,5,4,5,0,4,0,0,0,52,2,50,0,10570,10570,18410,4
1,6,5,5,0,5,0,0,0,53,2,51,0,14950,14950,14950,4
1,3,3,5,0,3,0,0,0,48,2,46,0,11560,11560,34600,2
1,6,5,5,0,5,0,0,0,53,2,51,0,14830,14830,14830,4
1,3,3,5,0,3,0,0,0,49,2,47,0,10140,10140,33060,2
1,6,5,5,0,5,0,0,0,53,2,51,0,5210,5210,5210,6
1,6,5,5,0,5,0,0,0,53,2,51,0,10570,10570,10570,5
1,5,4,5,0,4,0,0,0,51,2,49,0,8610,8610,19180,4
1,2,1,5,0,1,0,0,0,40,2,38,0,-1,-1,-1,1
1,6,5,5,0,5,0,0,0,53,2,51,0,7940,7940,7940,5
1,5,4,5,0,4,0,0,0,52,2,50,0,9860,9860,17800,4
1,6,5,5,0,5,0,0,0,53,2,51,0,15130,15130,15130,4
1,3,3,5,0,3,0,0,0,47,2,45,0,3520,3520,26740,3
1,6,5,5,0,5,0,0,0,53,2,51,0,10880,10880,10880,5
1,5,4,5,0,4,0,0,0,50,2,48,0,4510,4510,15390,5
1,5,3,5,0,3,0,0,0,45,2,43,0,8090,8090,23480,4
1,2,1,5,0,1,0,0,0,40,2,38,0,3680,3680,41830,2
1,6,5,5,0,5,0,0,0,53,2,51,0,14650,14650,14650,4
1,3,3,5,0,3,0,0,0,48,2,46,0,8310,8310,31020,2
1,6,5,5,0,5,0,0,0,53,2,51,0,8200,8200,8200,5
1,5,4,5,0,4,0,0,0,51,2,49,0,19040,19040,27240,2
1,6,5,5,0,5,0,0,0,53,2,51,0,10180,10180,10180,5
1,5,4,5,0,4,0,0,0,49,2,47,0,14830,14830,25010,3
1,3,3,5,0,3,0,0,0,47,2,45,0,12310,12310,37320,2
1,6,5,5,0,5,0,0,0,53,2,51,0,4580,4580,4580,6
1,6,5,5,0,5,0,0,0,53,2,51,0,6430,6430,6430,6
1,6,5,5,0,5,0,0,0,53,2,51,0,11720,11720,11720,5
1,5,4,5,0,4,0,0,0,48,2,46,0,23650,23650,35370,2
1,6,5,5,0,5,0,0,0,53,2,51,0,16920,16920,16920,4
1,3,3,5,0,3,0,0,0,47,2,45,0,10580,10580,35590,2
1,6,5,5,0,5,0,0,0,53,2,51,0,8980,8980,8980,5
1,5,4,5,0,4,0,0,0,51,2,49,0,14040,14040,23020,3
1,3,3,5,0,3,0,0,0,48,2,46,0,4030,4030,27050,3
1,3,2,5,0,2,0,0,0,45,2,43,0,4470,4470,31520,3
1,6,5,5,0,5,0,0,0,53,2,51,0,10530,10530,10530,5
1,5,4,5,0,4,0,0,0,50,2,48,0,8610,8610,19140,4
1,6,5,5,0,5,0,0,0,53,2,51,0,10880,10880,10880,5
1,5,4,5,0,4,0,0,0,50,2,48,0,10340,10340,21220,4
1,2,1,5,0,1,0,0,0,38,2,36,0,11780,11780,53890,1
1,6,5,5,0,5,0,0,0,53,2,51,0,10380,10380,10380,5
1,5,4,5,0,4,0,0,0,49,2,47,0,10570,10570,20950,4
1,6,5,5,0,5,0,0,0,53,2,51,0,10920,10920,10920,5
1,5,4,5,0,4,0,0,0,50,2,48,0,15970,15970,26890,3
1,3,3,5,0,3,0,0,0,44,2,42,0,6440,6440,33330,3
1,3,2,5,0,2,0,0,0,39,2,37,0,8490,8490,41820,2
1,2,1,5,0,1,0,0,0,35,2,33,0,3070,3070,44890,2
1,6,5,5,0,5,0,0,0,53,2,51,0,14650,14650,14650,4
1,3,3,5,0,3,0,0,0,48,2,46,0,10390,10390,33130,2
1,6,5,5,0,5,0,0,0,53,2,51,0,10340,10340,10340,5
1,5,4,5,0,4,0,0,0,49,2,47,0,15680,15680,26020,3
1,3,3,5,0,3,0,0,0,45,2,43,0,9870,9870,35890,2
1,6,5,5,0,5,0,0,0,53,2,51,0,4580,4580,4580,6
1,2,1,5,0,1,0,0,0,41,2,39,0,6760,6760,44960,2
1,6,5,5,0,5,0,0,0,53,2,51,0,8200,8200,8200,5
1,5,4,5,0,4,0,0,0,51,2,49,0,19040,19040,27240,2
1,6,5,5,0,5,0,0,0,53,2,51,0,10340,10340,10340,5
1,5,4,5,0,4,0,0,0,49,2,47,0,4520,4520,14860,5
1,5,3,5,0,3,0,0,0,46,2,44,0,9700,9700,24560,4
1,2,1,5,0,1,0,0,0,41,2,39,0,4270,4270,43850,2
1,6,5,5,0,5,0,0,0,53,2,51,0,17400,17400,17400,4
1,4,3,5,0,3,0,0,0,45,2,43,0,15000,15000,37660,2
1,6,5,5,0,5,0,0,0,53,2,51,0,10380,10380,10380,5
1,5,4,5,0,4,0,0,0,49,2,47,0,10220,10220,20600,4
1,6,5,5,0,5,0,0,0,53,2,51,0,15850,15850,15850,4
1,3,3,5,0,3,0,0,0,48,2,46,0,4280,4280,28220,3
1,2,1,5,0,1,0,0,0,41,2,39,0,-1,-1,-1,1
1,6,5,5,0,5,0,0,0,53,2,51,0,17540,17540,17540,4
1,4,3,5,0,3,0,0,0,45,2,43,0,15360,15360,37630,2
1,6,5,5,0,5,0,0,0,53,2,51,0,8070,8070,8070,5
1,5,4,5,0,4,0,0,0,51,2,49,0,12560,12560,20630,4
1,2,1,5,0,1,0,0,0,39,2,37,0,8560,8560,51360,2
1,6,5,5,0,5,0,0,0,53,2,51,0,10570,10570,10570,5
1,5,4,5,0,4,0,0,0,51,2,49,0,15210,15210,25780,3
1,3,3,5,0,3,0,0,0,47,2,45,0,9020,9020,34800,2
1,6,5,5,0,5,0,0,0,53,2,51,0,5110,5110,5110,6
1,2,1,5,0,1,0,0,0,40,2,38,0,10380,10380,50400,1
1,6,5,5,0,5,0,0,0,53,2,51,0,8220,8220,8220,5
1,5,4,5,0,4,0,0,0,51,2,49,0,10130,10130,18350,4
1,2,1,5,0,1,0,0,0,41,2,39,0,-1,-1,-1,1
1,6,5,5,0,5,0,0,0,53,2,51,0,21190,21190,21190,3
1,3,4,5,0,4,0,0,0,50,2,48,0,8450,8450,29640,2
1,6,5,5,0,5,0,0,0,53,2,51,0,10570,10570,10570,5
1,5,4,5,0,4,0,0,0,51,2,49,0,15210,15210,25780,3
1,3,3,5,0,3,0,0,0,47,2,45,0,8200,8200,33980,2
1,6,5,5,0,5,0,0,0,53,2,51,0,8200,8200,8200,5
1,5,4,5,0,4,0,0,0,51,2,49,0,10010,10010,18210,4
1,2,1,5,0,1,0,0,0,42,2,40,0,10300,10300,47560,1
1,6,5,5,0,5,0,0,0,53,2,51,0,11250,11250,11250,5
1,5,4,5,0,4,0,0,0,51,2,49,0,8610,8610,19860,4
1,6,5,5,0,5,0,0,0,53,2,51,0,9020,9020,9020,5
1,5,4,5,0,4,0,0,0,50,2,48,0,9480,9480,18500,4
1,6,5,5,0,5,0,0,0,53,2,51,0,10570,10570,10570,5
1,5,4,5,0,4,0,0,0,51,2,49,0,12380,12380,22950,4
1,6,5,5,0,5,0,0,0,53,2,51,0,11690,11690,11690,5
1,5,4,5,0,4,0,0,0,51,3,48,0,15430,15430,27120,3
1,3,3,5,0,3,0,0,0,47,3,44,0,10130,10130,37250,2
1,6,5,5,0,5,0,0,0,53,2,51,0,14020,14020,14020,4
1,3,3,5,0,3,0,0,0,48,2,46,0,8550,8550,30630,2
1,6,5,5,0,5,0,0,0,53,2,51,0,11740,11740,11740,5
1,5,4,5,0,4,0,0,0,48,2,46,0,12360,12360,24100,4
1,6,5,5,0,5,0,0,0,53,2,51,0,8200,8200,8200,5
1,5,4,5,0,4,0,0,0,51,2,49,0,4470,4470,12670,5
1,5,3,5,0,3,0,0,0,48,2,46,0,15130,15130,27800,3
1,3,2,5,0,2,0,0,0,44,2,42,0,8820,8820,36620,2
1,2,1,5,0,1,0,0,0,43,2,41,0,-1,-1,-1,1
1,6,5,5,0,5,0,0,0,53,2,51,0,15160,15160,15160,4
1,3,3,5,0,3,0,0,0,48,2,46,0,3890,3890,27140,3
1,2,1,5,0,1,0,0,0,41,2,39,0,13300,13300,50340,1
1,6,5,5,0,5,0,0,0,53,2,51,0,14650,14650,14650,4
1,3,3,5,0,3,0,0,0,48,2,46,0,9680,9680,32390,2
1,6,5,5,0,5,0,0,0,53,2,51,0,9860,9860,9860,5
1,5,4,5,0,4,0,0,0,50,2,48,0,9600,9600,19460,4
1,6,5,5,0,5,0,0,0,53,2,51,0,5950,5950,5950,6
1,6,5,5,0,5,0,0,0,53,2,51,0,4890,4890,4890,6
1,6,5,5,0,5,0,0,0,53,2,51,0,5910,5910,5910,6
1,6,5,5,0,5,0,0,0,53,2,51,0,14790,14790,14790,4
1,3,3,5,0,3,0,0,0,48,2,46,0,10160,10160,33040,2
1,6,5,5,0,5,0,0,0,53,2,51,0,4570,4570,4570,6
1,6,5,5,0,5,0,0,0,53,2,51,0,7940,7940,7940,5
1,5,4,5,0,4,0,0,0,52,2,50,0,4890,4890,12830,5
1,5,3,5,0,3,0,0,0,49,2,47,0,2660,2660,15490,5
1,5,2,5,0,2,0,0,0,47,2,45,0,14670,14670,30160,3
1,6,5,5,0,5,0,0,0,53,2,51,0,15680,15680,15680,4
1,3,3,5,0,3,0,0,0,47,2,45,0,9850,9850,33620,2
1,6,5,5,0,5,0,0,0,53,2,51,0,6430,6430,6430,6
1,2,1,5,0,1,0,0,0,39,2,37,0,4590,4590,42750,2
1,6,5,5,0,5,0,0,0,53,2,51,0,7940,7940,7940,5
1,5,4,5,0,4,0,0,0,52,2,50,0,8490,8490,16430,4
1,2,1,5,0,1,0,0,0,41,2,39,0,2260,2260,40990,2
1,6,5,5,0,5,0,0,0,53,2,51,0,5470,5470,5470,6
1,2,1,5,0,1,0,0,0,40,2,38,0,3880,3880,42970,2
1,6,5,5,0,5,0,0,0,53,2,51,0,5470,5470,5470,6
1,2,1,5,0,1,0,0,0,40,2,38,0,9700,9700,49280,1
1,6,5,5,0,5,0,0,0,53,2,51,0,5950,5950,5950,6
1,6,5,5,0,5,0,0,0,53,2,51,0,1760,1760,1760,6
1,6,5,5,0,5,0,0,0,53,2,51,0,15040,15040,15040,4
1,3,3,5,0,3,0,0,0,48,2,46,0,4700,4700,27830,3
1,2,1,5,0,1,0,0,0,41,2,39,0,10650,10650,48960,1
1,6,5,5,0,5,0,0,0,53,2,51,0,8200,8200,8200,5
1,5,4,5,0,4,0,0,0,51,2,49,0,10160,10160,18360,4
1,2,1,5,0,1,0,0,0,42,2,40,0,10790,10790,47880,1
1,6,5,5,0,5,0,0,0,53,2,51,0,11410,11410,11410,5
1,5,4,5,0,4,0,0,0,48,2,46,0,20980,20980,32390,2
1,6,5,5,0,5,0,0,0,53,2,51,0,10090,10090,10090,5
1,5,4,5,0,4,0,0,0,49,2,47,0,7780,7780,17870,4
1,6,5,5,0,5,0,0,0,53,2,51,0,14700,14700,14700,4
1,3,3,5,0,3,0,0,0,47,2,45,0,9830,9830,32620,2
1,6,5,5,0,5,0,0,0,53,2,51,0,8200,8200,8200,5
1,5,4,5,0,4,0,0,0,51,2,49,0,14790,14790,22990,3
1,3,3,5,0,3,0,0,0,48,2,46,0,3020,3020,26010,3
1,3,2,5,0,2,0,0,0,46,2,44,0,5500,5500,31510,3
1,6,5,5,0,5,0,0,0,53,2,51,0,10380,10380,10380,5
1,5,4,5,0,4,0,0,0,49,2,47,0,8220,8220,18600,4
1,2,1,5,0,1,0,0,0,40,2,38,0,-1,-1,-1,1
1,6,5,5,0,5,0,0,0,53,2,51,0,10330,10330,10330,5
1,5,4,5,0,4,0,0,0,49,2,47,0,14650,14650,24980,3
1,3,3,5,0,3,0,0,0,46,2,44,0,9780,9780,34760,2
1,6,5,5,0,5,0,0,0,53,2,51,0,14170,14170,14170,4
1,3,3,5,0,3,0,0,0,49,2,47,0,3750,3750,26410,3
1,2,1,5,0,1,0,0,0,41,2,39,0,5200,5200,42660,2
1,6,5,5,0,5,0,0,0,53,2,51,0,11410,11410,11410,5
1,5,4,5,0,4,0,0,0,48,2,46,0,14700,14700,26110,3
1,3,3,5,0,3,0,0,0,45,2,43,0,9630,9630,35740,2
1,6,5,5,0,5,0,0,0,53,2,51,0,14170,14170,14170,4
1,3,3,5,0,3,0,0,0,49,2,47,0,4900,4900,27360,3
1,2,1,5,0,1,0,0,0,40,2,38,0,-1,-1,-1,1
1,6,5,5,0,5,0,0,0,53,2,51,0,7840,7840,7840,5
1,5,4,5,0,4,0,0,0,52,2,50,0,10780,10780,18620,4
1,6,5,5,0,5,0,0,0,53,2,51,0,17720,17720,17720,4
1,4,3,5,0,3,0,0,0,46,2,44,0,11330,11330,34190,3
1,1,1,5,0,1,0,0,0,39,2,37,0,-15884,14116,32406,0
1,6,5,5,0,5,0,0,0,53,2,51,0,12360,12360,12360,5
1,5,4,5,0,4,0,0,0,48,2,46,0,15060,15060,27420,3
1,3,3,5,0,3,0,0,0,44,2,42,0,12030,12030,39450,2
1,2,1,5,0,1,0,0,0,35,2,33,0,-1,-1,-1,1
1,6,5,5,0,5,0,0,0,53,2,51,0,8100,8100,8100,5
1,5,4,5,0,4,0,0,0,51,2,49,0,10370,10370,18470,4
1,2,1,5,0,1,0,0,0,41,2,39,0,11040,11040,49170,1
1,6,5,5,0,5,0,0,0,53,2,51,0,-40970,-40970,8200,5
1,5,4,5,0,4,0,0,0,51,2,49,0,11780,11780,19980,4
1,6,5,5,0,5,0,0,0,53,2,51,0,-35960,-35960,8910,5
1,5,4,5,0,4,0,0,0,51,2,49,0,10950,10950,19860,4
1,2,1,5,0,1,0,0,0,41,2,39,0,13330,13330,52840,1
1,6,5,5,0,5,0,0,0,53,2,51,0,-44640,-44640,8200,5
1,5,4,5,0,4,0,0,0,51,2,49,0,10010,10010,18210,4
1,4,1,5,0,1,0,0,0,43,2,41,0,11070,11070,36900,3
1,6,5,5,0,5,0,0,0,53,2,51,0,-26130,-26130,10770,5
1,5,4,5,0,4,0,0,0,51,2,49,0,8470,8470,19240,4
1,6,5,5,0,5,0,0,0,53,2,51,0,-32460,-32460,11190,5
1,5,4,5,0,4,0,0,0,52,2,50,0,7270,7270,18460,5
1,5,3,5,0,3,0,0,0,43,2,41,0,10620,10620,29080,4
1,6,5,5,0,5,0,0,0,53,2,51,0,-29390,-29390,9770,5
1,5,4,5,0,4,0,0,0,50,2,48,0,8240,8240,18010,4
1,6,5,5,0,5,0,0,0,53,2,51,0,-36050,-36050,9280,5
1,5,4,5,0,4,0,0,0,52,2,50,0,11000,11000,20280,4
1,6,5,5,0,5,0,0,0,53,2,51,0,-37890,-37890,13710,5
1,5,4,5,0,4,0,0,0,47,2,45,0,7890,7890,21600,4
1,6,5,5,0,5,0,0,0,53,2,51,0,-31000,-31000,8240,5
1,5,4,5,0,4,0,0,0,51,2,49,0,15420,15420,23660,3
1,3,3,5,0,3,0,0,0,48,2,46,0,5260,5260,28920,3
1,3,2,5,0,2,0,0,0,44,2,42,0,3860,3860,32780,3
1,6,5,5,0,5,0,0,0,53,2,51,0,-27250,-27250,10770,5
1,5,4,5,0,4,0,0,0,51,2,49,0,7760,7760,18530,4
1,2,1,5,0,1,0,0,0,46,2,44,0,14230,14230,49830,1
1,6,5,5,0,5,0,0,0,53,2,51,0,-41590,-41590,8240,5
1,5,4,5,0,4,0,0,0,51,2,49,0,9920,9920,18160,4
1,6,5,5,0,5,0,0,0,53,2,51,0,-31090,-31090,10150,5
1,5,4,5,0,4,0,0,0,50,2,48,0,8590,8590,18740,4
1,6,5,5,0,5,0,0,0,53,2,51,0,-39350,-39350,7740,5
1,5,4,5,0,4,0,0,0,52,2,50,0,9920,9920,17660,4
1,5,1,5,0,1,0,0,0,43,2,41,0,11660,11660,39470,3
1,6,5,5,0,5,0,0,0,53,2,51,0,-28770,-28770,10700,5
1,5,4,5,0,4,0,0,0,51,2,49,0,8300,8300,19000,4
1,6,5,5,0,5,0,0,0,53,2,51,0,-30840,-30840,8360,5
1,5,4,5,0,4,0,0,0,51,2,49,0,11030,11030,19390,4
1,2,1,5,0,1,0,0,0,43,2,41,0,4190,4190,41250,2
1,6,5,5,0,5,0,0,0,53,2,51,0,-33150,-33150,8100,5
1,5,4,5,0,4,0,0,0,51,2,49,0,8180,8180,16280,4
1,4,1,5,0,1,0,0,0,45,2,43,0,4120,4120,27730,4
1,6,5,5,0,5,0,0,0,53,2,51,0,-19530,-19530,8200,5
1,5,4,5,0,4,0,0,0,51,2,49,0,10170,10170,18370,4
1,4,1,5,0,1,0,0,0,43,2,41,0,10460,10460,37900,3
1,6,5,5,0,5,0,0,0,53,2,51,0,-30170,-30170,7730,5
1,5,4,5,0,4,0,0,0,52,2,50,0,10150,10150,17880,4
1,2,1,5,0,1,0,0,0,44,2,42,0,10500,10500,48040,1
1,6,5,5,0,5,0,0,0,53,2,51,0,-39640,-39640,8400,5
1,5,4,5,0,4,0,0,0,51,2,49,0,10780,10780,19180,4
1,2,1,5,0,1,0,0,0,45,2,43,0,5580,5580,41500,2
1,6,5,5,0,5,0,0,0,53,2,51,0,-28880,-28880,12620,5
1,5,4,5,0,4,0,0,0,48,2,46,0,8470,8470,21090,4
1,4,1,5,0,1,0,0,0,38,2,36,0,930,930,32040,4
1,6,5,5,0,5,0,0,0,53,2,51,0,-23800,-23800,8240,5
1,5,4,5,0,4,0,0,0,51,2,49,0,11140,11140,19380,4
1,4,1,5,0,1,0,0,0,38,2,36,0,13300,13300,42990,2
1,6,5,5,0,5,0,0,0,53,2,51,0,-34710,-34710,8280,5
1,5,4,5,0,4,0,0,0,51,2,49,0,9930,9930,18210,4
1,6,5,5,0,5,0,0,0,53,2,51,0,-29630,-29630,10260,5
1,5,4,5,0,4,0,0,0,50,2,48,0,9250,9250,19510,4
1,6,5,5,0,5,0,0,0,53,2,51,0,-33370,-33370,8400,5
1,5,4,5,0,4,0,0,0,51,2,49,0,10250,10250,18650,4
1,6,5,5,0,5,0,0,0,53,2,51,0,8100,8100,8100,5
1,5,4,5,0,4,0,0,0,51,2,49,0,11500,11500,19600,4
1,4,1,5,0,1,0,0,0,43,2,41,0,9100,9100,35470,3
1,6,5,5,0,5,0,0,0,53,2,51,0,-27270,-27270,8200,5
1,5,4,5,0,4,0,0,0,51,2,49,0,10340,10340,18540,4
1,5,1,5,0,1,0,0,0,43,2,41,0,12150,12150,39220,3
1,6,5,5,0,5,0,0,0,53,2,51,0,-30160,-30160,9060,5
1,5,4,5,0,4,0,0,0,52,2,50,0,10370,10370,19430,4
1,2,1,5,0,1,0,0,0,37,2,35,0,10130,10130,51790,1
1,6,5,5,0,5,0,0,0,53,2,51,0,-40820,-40820,10970,5
1,5,4,5,0,4,0,0,0,50,2,48,0,9020,9020,19990,4
1,6,5,5,0,5,0,0,0,53,2,51,0,-33610,-33610,11220,5
1,5,4,5,0,4,0,0,0,49,2,47,0,8280,8280,19500,4
1,4,1,5,0,1,0,0,0,42,2,40,0,5340,5340,32400,4
1,6,5,5,0,5,0,0,0,53,2,51,0,-24000,-24000,8400,5
1,5,4,5,0,4,0,0,0,51,2,49,0,10250,10250,18650,4
1,4,1,5,0,1,0,0,0,43,2,41,0,10070,10070,37530,3
1,6,5,5,0,5,0,0,0,53,2,51,0,-28470,-28470,9060,5
1,5,4,5,0,4,0,0,0,52,2,50,0,9900,9900,18960,4
1,6,5,5,0,5,0,0,0,53,2,51,0,-33620,-33620,9060,5
1,5,4,5,0,4,0,0,0,52,2,50,0,11440,11440,20500,4
1,2,1,5,0,1,0,0,0,39,2,37,0,3910,3910,43390,2
1,6,5,5,0,5,0,0,0,53,2,51,0,-35030,-35030,8360,5
1,5,4,5,0,4,0,0,0,51,2,49,0,8360,8360,16720,4
1,2,1,5,0,1,0,0,0,40,2,38,0,4270,4270,43570,2
1,6,5,5,0,5,0,0,0,53,2,51,0,-34510,-34510,9060,5
1,5,4,5,0,4,0,0,0,52,2,50,0,10630,10630,19690,4
1,4,1,5,0,1,0,0,0,38,2,36,0,9810,9810,38950,3
1,6,5,5,0,5,0,0,0,53,2,51,0,-30710,-30710,8240,5
1,5,4,5,0,4,0,0,0,51,2,49,0,10240,10240,18480,4
1,2,1,5,0,1,0,0,0,39,2,37,0,10380,10380,52790,1
1,6,5,5,0,5,0,0,0,53,2,51,0,-42090,-42090,10700,5
1,5,4,5,0,4,0,0,0,51,2,49,0,9230,9230,19930,4
1,6,5,5,0,5,0,0,0,53,2,51,0,-41560,-41560,10430,5
1,5,4,5,0,4,0,0,0,50,2,48,0,8240,8240,18670,4
1,2,1,5,0,1,0,0,0,45,2,43,0,11860,11860,47930,1
1,6,5,5,0,5,0,0,0,53,2,51,0,-36960,-36960,10970,5
1,5,4,5,0,4,0,0,0,50,2,48,0,8240,8240,19210,4
1,4,1,5,0,1,0,0,0,42,2,40,0,4670,4670,32620,4
1,6,5,5,0,5,0,0,0,53,2,51,0,-22190,-22190,10430,5
1,5,4,5,0,4,0,0,0,50,2,48,0,7760,7760,18190,4
1,6,5,5,0,5,0,0,0,53,2,51,0,11351,11351,11350,5
1,5,4,5,0,4,0,0,0,50,2,48,0,7760,7760,19110,4
1,5,4,5,0,4,0,0,0,51,2,49,0,10350,10350,18570,4
1,4,2,5,0,2,0,0,0,47,2,45,0,12180,12180,34900,3
1,6,5,5,0,5,0,0,0,53,2,51,0,8200,8200,8200,5
1,5,4,5,0,4,0,0,0,51,2,49,0,11210,11210,19410,4
1,2,1,5,0,1,0,0,0,42,2,40,0,5300,5300,42160,2
1,6,5,5,0,5,0,0,0,53,2,51,0,-33960,-33960,8200,5
1,5,4,5,0,4,0,0,0,51,2,49,0,11420,11420,19620,4
1,4,1,5,0,1,0,0,0,41,2,39,0,13040,13040,41200,2
1,6,5,5,0,5,0,0,0,53,2,51,0,-32840,-32840,8360,5
1,5,4,5,0,4,0,0,0,51,2,49,0,10470,10470,18830,4
1,2,1,5,0,1,0,0,0,40,2,38,0,9700,9700,50130,1
1,6,5,5,0,5,0,0,0,53,2,51,0,-41070,-41070,9060,5
1,5,4,5,0,4,0,0,0,52,2,50,0,10270,10270,19330,4
1,4,1,5,0,1,0,0,0,40,2,38,0,5170,5170,33130,4
1,6,5,5,0,5,0,0,0,53,2,51,0,-24070,-24070,9060,5
1,5,4,5,0,4,0,0,0,52,2,50,0,10370,10370,19430,4
1,6,5,5,0,5,0,0,0,53,2,51,0,8200,8200,8200,5
1,5,4,5,0,4,0,0,0,51,2,49,0,21200,21200,29400,2
1,6,5,5,0,5,0,0,0,53,2,51,0,10240,10240,10240,5
1,5,4,5,0,4,0,0,0,50,2,48,0,9530,9530,19770,4
1,2,1,5,0,1,0,0,0,40,2,38,0,8280,8280,47330,1
1,6,5,5,0,5,0,0,0,53,2,51,0,5210,5210,5210,6
1,6,5,5,0,5,0,0,0,53,2,51,0,14650,14650,14650,4
1,3,3,5,0,3,0,0,0,48,2,46,0,4510,4510,27220,3
1,6,5,5,0,5,0,0,0,53,2,51,0,8200,8200,8200,5
1,5,4,5,0,4,0,0,0,51,2,49,0,14160,14160,22360,3
1,3,3,5,0,3,0,0,0,48,2,46,0,8510,8510,30870,2
1,2,1,5,0,1,0,0,0,43,2,41,0,10140,10140,45840,1
1,6,5,5,0,5,0,0,0,53,2,51,0,17720,17720,17720,4
1,4,3,5,0,3,0,0,0,46,2,44,0,5670,5670,28480,4
1,6,5,5,0,5,0,0,0,53,2,51,0,14950,14950,14950,4
1,3,3,5,0,3,0,0,0,48,2,46,0,4750,4750,27790,3
1,2,1,5,0,1,0,0,0,41,2,39,0,10310,10310,48890,1
1,6,5,5,0,5,0,0,0,53,2,51,0,9860,9860,9860,5
1,5,4,5,0,4,0,0,0,50,2,48,0,8710,8710,18570,4
1,2,1,5,0,1,0,0,0,41,2,39,0,4880,4880,43590,2
1,6,5,5,0,5,0,0,0,53,2,51,0,8200,8200,8200,5
1,5,4,5,0,4,0,0,0,51,2,49,0,16920,16920,25120,3
1,3,3,5,0,3,0,0,0,47,2,45,0,11960,11960,37080,2
1,6,5,5,0,5,0,0,0,53,2,51,0,14700,14700,14700,4
1,3,3,5,0,3,0,0,0,47,2,45,0,4870,4870,27660,3
1,2,1,5,0,1,0,0,0,41,2,39,0,1250,1250,39780,2
1,6,5,5,0,5,0,0,0,53,2,51,0,11720,11720,11720,5
1,5,4,5,0,4,0,0,0,48,2,46,0,21340,21340,33060,2
1,6,5,5,0,5,0,0,0,53,2,51,0,11830,11830,11830,5
1,5,4,5,0,4,0,0,0,48,2,46,0,20660,20660,32490,2
1,6,5,5,0,5,0,0,0,53,2,51,0,1760,1760,1760,6
1,6,5,5,0,5,0,0,0,53,2,51,0,5490,5490,5490,6
1,6,5,5,0,5,0,0,0,53,2,51,0,11260,11260,11260,5
1,5,4,5,0,4,0,0,0,48,2,46,0,10530,10530,21790,4
